區議會選區 Constituency,,,點票站 Counting Station,,,候選人編號 Candidiate Number,,,,,
,,,,,,1,2,3,4,5,6
A 中西區 CENTRAL & WESTERN,,,,,,,,,,,
A01,中環,CHUNG WAN,A0101,專業聯合中心,Joint Professional Centre,982,700,--,--,--,--
,,,A0102,香港視覺藝術中心,Hong Kong Visual Arts Centre,108,240,--,--,--,--
A02,半山東,MID LEVELS EAST,A0201,高主教書院,Raimondi College,1521,1466,--,--,--,--
A03,衛城,CASTLE ROAD,A0301,香港真光幼稚園(堅道),Hong Kong True Light Kindergarten (Caine Road),1045,1047,--,--,--,--
,,,A0302,食物環境衞生署食物安全中心(醫院道辦事處),"Centre for Food Safety (Hospital Road Office), Food and Environmental Hygiene Department",412,264,--,--,--,--
A04,山頂,PEAK,A0401,香港公園體育館,Hong Kong Park Sports Centre,232,1368,--,--,--,--
,,,A0402,德瑞國際學校山頂校舍,German Swiss International School Peak Campus,85,469,--,--,--,--
A05,大學,UNIVERSITY,A0501,西營盤社區綜合大樓社區會堂,Sai Ying Pun Community Complex Community Hall,1455,1844,--,--,--,--
A06,堅摩,KENNEDY TOWN & MOUNT DAVIS,A0601,香港基督教女青年會西環綜合社會服務處,HKYWCA Western District Integrated Social Service Centre,1072,838,1859,--,--,--
A07,觀龍,KWUN LUNG,A0701,士美非路體育館,Smithfield Sports Centre,1569,2491,--,--,--,--
A08,西環,SAI WAN,A0801,堅尼地城社區綜合大樓 (綜合用途室),Kennedy Town Community Complex (Multi-purpose Function Room),1898,2011,--,--,--,--
A09,寶翠,BELCHER,A0901,聖雅各福群會寶翠園幼稚園幼兒中心,St. James' Settlement Belcher Kindergarten Child Care Centre,2397,2328,--,--,--,--
A10,石塘咀,SHEK TONG TSUI,A1001,石塘咀體育館,Shek Tong Tsui Sports Centre,1336,1898,--,--,--,--
A11,西營盤,SAI YING PUN,A1101,中西區及離島區社會保障辦事處,Central and Western / Islands Social Security Field Unit,1281,777,--,--,--,--
,,,A1102,中山紀念公園體育館,Sun Yat Sen Memorial Park Sports Centre,509,427,--,--,--,--
A12,上環,SHEUNG WAN,A1201,上環郵政局,Sheung Wan Post Office,1344,1436,--,--,--,--
A13,東華,TUNG WAH,A1301,新會商會學校,San Wui Commercial Society School,789,666,--,--,--,--
,,,A1302,聖公會聖馬太小學,SKH St. Matthew's Primary School,563,314,--,--,--,--
A14,正街,CENTRE STREET,A1401,基督教香港崇真會救恩堂及救恩學校,Tsung Tsin Mission of Hong Kong Kau Yan Church and Kau Yan School,1621,1654,--,--,--,--
A15,水街,WATER STREET,A1501,李陞小學,Li Sing Primary School,1878,1619,--,--,--,--
B01,軒尼詩,HENNESSY,B0101,軒尼詩道官立小學,Hennessy Road Government Primary School,1590,760,--,--,--,--
B02,愛群,OI KWAN,B0201,鄧肇堅維多利亞官立中學,Tang Shiu Kin Victoria Government Secondary School,915,1367,--,--,--,--
B03,鵝頸,CANAL ROAD,B0301,德瑞國際學校灣仔校舍 (前灣仔學校),German Swiss International School Wan Chai Campus (Former: Wanchai School),723,1018,--,--,--,--
B05,天后,TIN HAU,B0501,蒙特梭利國際學校,The International Montessori School - An IMEF School,745,432,--,--,--,--
,,,B0502,勵德邨邨榮樓有蓋停車場,"Covered Carpark of Tsuen Wing Lau, Lai Tak Tsuen",1491,589,--,--,--,--
B07,大坑,TAI HANG,B0701,港灣婦女會,Wan Chai District Women's Association,1148,1398,--,--,--,--
B08,渣甸山,JARDINE'S LOOKOUT,B0801,中華基督教會公理高中書院,CCC Kung Lee College,1479,1098,--,--,--,--
B09,樂活,BROADWOOD,B0901,禮頓山社區會堂,Leighton Hill Community Hall,939,141,1350,--,--,--
B10,跑馬地,HAPPY VALLEY,B1001,黃泥涌體育館,Wong Nai Chung Sports Centre,1377,900,--,--,--,--
B11,司徒拔道,STUBBS ROAD,B1101,瑪利曼中學,Marymount Secondary School,968,501,--,--,--,--
,,,B1102,香港青少年服務處成和青少年中心,Hong Kong Children & Youth Services Sing Woo Children & Youth Centre,182,141,--,--,--,--
B12,修頓,SOUTHORN,B1201,灣仔活動中心,Wan Chai Activities Centre,437,1463,--,--,--,--
B13,大佛口,TAI FAT HAU,B1301,循道衛理中心,Methodist Centre,1505,793,--,--,--,--
C01,太古城西,TAI KOO SHING WEST,C0101,東區少年警訊會所,Eastern District JPC Club House,3362,1268,--,--,--,--
C02,太古城東,TAI KOO SHING EAST,C0201,聖安娜中英文幼稚園,St. Anna Anglo-Chinese Kindergarten,1199,1409,--,--,--,--
,,,C0202,太古城郵政局,Tai Koo Shing Post Office,1388,1265,--,--,--,--
C03,鯉景灣,LEI KING WAN,C0301,西灣河健康中心,Sai Wan Ho Health Centre,1612,2008,955,211,--,--
C04,愛秩序灣,ALDRICH BAY,C0401,中華基督教會基灣小學 (愛蝶灣),CCC Kei Wan Primary School (Aldrich Bay),2720,2401,--,--,--,--
C05,筲箕灣,SHAUKEIWAN,C0501,筲箕灣郵政局,Shau Kei Wan Post Office,1429,1444,107,--,--,--
C06,阿公岩,A KUNG NGAM,C0601,愛秩序灣官立小學,Aldrich Bay Government Primary School,483,1540,491,--,--,--
,,,C0602,筲箕灣官立小學,Shau Kei Wan Government Primary School,1213,270,621,--,--,--
C07,杏花邨,HENG FA CHUEN,C0701,嶺南中學,Lingnan Secondary School,610,2025,3642,--,--,--
C08,翠灣,TSUI WAN,C0801,聖公會李福慶中學,SKH Li Fook Hing Secondary School,1629,69,1572,1181,--,--
C10,小西灣,SIU SAI WAN,C1001,小西灣社區會堂,Siu Sai Wan Community Hall,1981,783,1229,--,--,--
C11,景怡,KING YEE,C1101,培僑小學,Pui Kiu Primary School,195,1950,930,2257,--,--
C12,環翠,WAN TSUI,C1201,救世軍中原慈善基金學校,The Salvation Army Centaline Charity Fund School,1436,2227,--,--,--,--
C13,翡翠,FEI TSUI,C1301,文理書院 (香港),Cognitio College (Hong Kong),1797,2314,114,--,--,--
C21,丹拿,TANNER,C2101,啟基學校 (港島),Chan's Creative School (Hong Kong Island),2338,2039,--,--,--,--
C23,鰂魚涌,QUARRY BAY,C2301,北角官立小學,North Point Government Primary School,1010,1656,--,--,--,--
C24,南豐,NAM FUNG,C2401,鰂魚涌社區會堂,Quarry Bay Community Hall,1182,42,3343,--,--,--
C25,康怡,KORNHILL,C2501,佛教中華康山學校,Buddhist Chung Wah Kornhill Primary School,29,2535,2443,--,--,--
C26,康山,KORNHILL GARDEN,C2601,太古小學,Taikoo Primary School,1814,2384,--,--,--,--
C27,興東,HING TUNG,C2701,青松興東幼稚園,Ching Chung Hing Tung Kindergarten,1246,1829,--,--,--,--
,,,C2702,伊斯蘭徐錦享紀念幼稚園,Islamic Abu Bakar Chui Memorial Kindergarten,1562,1481,--,--,--,--
C28,西灣河,SAI WAN HO,C2801,西灣河體育館,Sai Wan Ho Sports Centre,1956,2222,--,--,--,--
C29,下耀東,LOWER YIU TUNG,C2901,勵志會梁李秀娛紀念小學,The Endeavourers Leung Lee Sau Yu Memorial Primary School,977,464,686,--,--,--
,,,C2902,筲箕灣街坊福利事務促進會有限公司,Shau Kei Wan Kai-fong Welfare Advancement Association Ltd.,681,513,306,--,--,--
C31,興民,HING MAN,C3101,粵南信義會腓力堂興民幼兒學園,Lutheran Philip House Hing Man Nursery School,622,1007,--,--,--,--
,,,C3102,路德會聖雅各幼稚園,St. James Lutheran Kindergarten,769,1463,--,--,--,--
C32,樂康,LOK HONG,C3201,天主教明德學校,Meng Tak Catholic School,1729,35,1952,--,--,--
,,,C3202,循道愛華村服務中心社會福利部 - 愛華青少年綜合服務隊 (愛華服務處),"Methodist Epworth Village Community Centre, Social Welfare - Epworth Integrated Youth Team (Epworth Base)",240,13,444,--,--,--
C33,翠德,TSUI TAK,C3301,柴灣母嬰健康院,Chai Wan Maternal and Child Health Centre,2351,979,--,--,--,--
C34,漁灣,YUE WAN,C3401,漁灣社區會堂,Yue Wan Community Hall,1863,2026,--,--,--,--
C35,佳曉,KAI HIU,C3501,香港中華基督教青年會  -  柴灣會所,Chinese YMCA of Hong Kong-Chai Wan Centre,1126,1676,--,--,--,--
,,,C3502,道慈佛社楊譚婉芳幼稚園,Buddhist To Chi Fat She Yeung Tam Yuen Fong Kindergarten,388,565,--,--,--,--
D01,香港仔,ABERDEEN,D0101,香港仔體育館,Aberdeen Sports Centre,1598,621,1936,226,--,--
D03,鴨脷洲北,AP LEI CHAU NORTH,D0301,鴨脷洲體育館,Ap Lei Chau Sports Centre,755,1556,--,--,--,--
D04,利東一,LEI TUNG I,D0401,聖伯多祿天主教小學,St. Peter's Catholic Primary School,177,1810,3068,--,--,--
D05,利東二,LEI TUNG II,D0501,利東社區會堂,Lei Tung Community Hall,2564,119,1854,21,--,--
D06,海怡東,SOUTH HORIZONS EAST,D0601,海怡寶血小學,Precious Blood Primary School (South Horizons),1845,2180,643,--,--,--
D07,海怡西,SOUTH HORIZONS WEST,D0701,海怡社區中心,South Horizons Neighbourhood Community Centre,2245,2945,--,--,--,--
D08,華貴,WAH KWAI,D0801,華貴社區會堂,Wah Kwai Community Hall,94,2652,2699,--,--,--
D09,華富南,WAH FU SOUTH,D0901,明愛莊月明中學,Caritas Chong Yuet Ming Secondary School,1632,1629,--,--,--,--
D10,華富北,WAH FU NORTH,D1001,東華三院鶴山學校,TWGHs Hok Shan School,2089,21,2408,29,--,--
D11,薄扶林,POKFULAM,D1101,沙宣道會堂,Sassoon Road Assembly Hall,190,540,--,--,--,--
,,,D1102,上碧瑤灣遊樂場,Playground of Upper Baguio Villa,474,801,--,--,--,--
,,,D1103,數碼港郵政局,Cyberport Post Office,480,611,--,--,--,--
D12,置富,CHI FU,D1201,展亮技能發展中心 (薄扶林),Shine Skills Centre (Pokfulam),188,76,--,--,--,--
,,,D1202,置富南區會堂,Chi Fu Community Hall,2574,2147,--,--,--,--
D15,黃竹坑,WONG CHUK HANG,D1501,香港仔網球及壁球中心,Aberdeen Tennis and Squash Centre,689,623,--,--,--,--
,,,D1502,南區長者地區中心,Southern District Elderly Community Centre,1501,2022,--,--,--,--
D16,海灣,BAYS AREA,D1601,南島中學,South Island School,186,447,--,--,--,--
,,,D1602,香港國際學校,Hong Kong International School,288,510,--,--,--,--
D17,赤柱及石澳,STANLEY & SHEK O,D1701,赤柱社區會堂,Stanley Community Hall,311,695,1431,--,--,--
,,,D1702,石澳健康院,Medical Clinic of Shek O Health Centre,97,57,401,--,--,--
E01,尖沙咀西,TSIM SHA TSUI WEST,E0101,仁愛堂陳鄭玉而幼稚園,Yan Oi Tong Chan Cheng Yuk Yee Kindergarten,828,1213,--,--,--,--
E02,佐敦南,JORDAN SOUTH,E0201,九龍公園體育館,Kowloon Park Sports Centre,1531,524,--,--,--,--
E04,油麻地南,YAU MA TEI SOUTH,E0401,梁顯利油麻地社區中心,Henry G. Leong Yaumatei Community Centre,1298,2124,--,--,--,--
E05,富榮,CHARMING,E0501,油蔴地天主教小學(海泓道),Yaumati Catholic Primary School (Hoi Wang Road),2053,2473,--,--,--,--
E07,富柏,FU PAK,E0701,保良局陳守仁小學,PLK Camões Tan Siu Lin Primary School,2859,1924,--,--,--,--
E08,奧運,OLYMPIC,E0801,香港保護兒童會中銀幼兒學校,Hong Kong Society for the Protection of Children BOC Nursery School,1414,1531,--,--,--,--
E09,櫻桃,CHERRY,E0901,路德會沙崙學校,Sharon Lutheran School,858,1611,172,--,--,--
E10,大角咀南,TAI KOK TSUI SOUTH,E1001,大角嘴天主教小學,Tai Kok Tsui Catholic Primary School,1362,1608,--,--,--,--
E11,大角咀北,TAI KOK TSUI NORTH,E1101,中華基督教會基全小學,CCC Kei Tsun Primary School,1363,2633,--,--,--,--
E12,大南,TAI NAN,E1201,鮮魚行學校,Fresh Fish Traders' School,606,962,1424,--,--,--
E13,旺角北,MONG KOK NORTH,E1301,聖公會基榮小學,SKH Kei Wing Primary School,1712,869,--,--,--,--
E14,旺角東,MONG KOK EAST,E1401,界限街一號體育館,Boundary Street Sports Centre No. 1,112,1442,1172,--,--,--
E16,油麻地北,YAU MA TEI NORTH,E1601,東華三院羅裕積小學,TWGHs Lo Yu Chik Primary School,689,1682,--,--,--,--
E17,尖東及京士柏,EAST TSIM SHA TSUI & KING'S PARK,E1701,油蔴地街坊會學校,Yaumati Kaifong Association School,589,742,--,--,--,--
,,,E1702,香港理工大學紅磡灣校園,PolyU Hung Hom Bay Campus,92,110,--,--,--,--
E18,尖沙咀中,TSIM SHA TSUI CENTRAL,E1801,入境事務處西九龍辦事處,Immigration Department West Kowloon Office,486,1099,--,--,--,--
E19,佐敦北,JORDAN NORTH,E1901,佐敦道官立小學,Jordan Road Government Primary School,941,386,--,--,--,--
F01,寶麗,PO LAI,F0101,保安道體育館,Po On Road Sports Centre,1664,1929,--,--,--,--
F02,長沙灣,CHEUNG SHA WAN,F0201,福榮街官立小學,Fuk Wing Street Government Primary School,1491,246,1307,--,--,--
F03,南昌北,NAM CHEONG NORTH,F0301,英華女學校,Ying Wa Girls' School,1461,796,--,--,--,--
F04,石硤尾,SHEK KIP MEI,F0401,石硤尾社區會堂,Shek Kip Mei Community Hall,2847,2088,--,--,--,--
F05,南昌東,NAM CHEONG EAST,F0501,基督教香港崇真會安康幼兒學校,Tsung Tsin Mission of Hong Kong On Hong Nursery School,1727,1287,--,--,--,--
F06,南昌南,NAM CHEONG SOUTH,F0601,深水埔街坊福利事務促進會,Shamshuipo Kaifong Welfare Advancement Association,786,1544,--,--,--,--
F07,南昌中,NAM CHEONG CENTRAL,F0701,北河街體育館,Pei Ho Street Sports Centre,1284,538,--,--,--,--
F08,南昌西,NAM CHEONG WEST,F0801,南昌社區中心,Nam Cheong District Community Centre,1217,1873,--,--,--,--
F09,富昌,FU CHEONG,F0901,英華書院,Ying Wa College,2130,2973,--,--,--,--
F10,麗閣,LAI KOK,F1001,麗閣社區會堂,Lai Kok Community Hall,2531,215,2432,--,--,--
F11,幸福,FORTUNE,F1101,聖公會基福小學,SKH Kei Fook Primary School,1597,1590,--,--,--,--
,,,F1102,深水埗官立小學,Sham Shui Po Government Primary School,301,547,--,--,--,--
F12,荔枝角南,LAI CHI KOK SOUTH,F1201,聖公會聖馬利亞堂莫慶堯中學,SKH St. Mary's Church Mok Hing Yiu College,3477,1191,94,--,--,--
F13,美孚南,MEI FOO SOUTH,F1301,美孚新邨孚佑堂,Mei Foo Sun Chuen Community Centre,179,2193,2421,--,--,--
F14,美孚中,MEI FOO CENTRAL,F1401,博愛醫院美孚荔灣街坊會梁之潛伉儷長者健康支援及進修中心,POH Mei Foo Lai Wan Kaifong Association Mr. and Mrs. Leung Chi Chim Elderly Health Support and Learning Centre,1803,1675,241,--,--,--
F15,美孚北,MEI FOO NORTH,F1501,荔枝角公園體育館,Lai Chi Kok Park Sports Centre,2636,1816,--,--,--,--
F16,荔枝角中,LAI CHI KOK CENTRAL,F1601,荔枝角社區會堂,Lai Chi Kok Community Hall,2229,2353,--,--,--,--
F17,荔枝角北,LAI CHI KOK NORTH,F1701,五邑工商總會學校,Five Districts Business Welfare Association School,1173,64,877,--,--,--
F18,元州及蘇屋,UN CHAU & SO UK,F1801,長沙灣體育館,Cheung Sha Wan Sports Centre,3491,1160,--,--,--,--
F19,李鄭屋,LEI CHENG UK,F1901,長沙灣社區中心,Cheung Sha Wan Community Centre,2335,2124,--,--,--,--
F20,下白田,HA PAK TIN,F2001,白田社區會堂,Pak Tin Community Hall,2320,1152,--,--,--,--
F21,又一村,YAU YAT TSUEN,F2101,聖母玫瑰書院,Our Lady of The Rosary College,982,2277,--,--,--,--
F22,南山、大坑東及大坑西,"NAM SHAN, TAI HANG TUNG & TAI HANG SAI",F2201,大坑東社區中心,Tai Hang Tung Community Centre,1991,2563,54,--,--,--
F23,龍坪及上白田,LUNG PING & SHEUNG PAK TIN,F2301,白田天主教小學,Pak Tin Catholic Primary School,40,1015,905,--,--,--
,,,F2302,香港城市大學澤安中心,"Chak On Centre, City University of Hong Kong",121,663,1549,--,--,--
G01,馬頭圍,MA TAU WAI,G0101,馬頭涌官立小學,Ma Tau Chung Government Primary School,2670,2625,--,--,--,--
G02,馬坑涌,MA HANG CHUNG,G0201,土瓜灣體育館,To Kwa Wan Sports Centre,1618,148,1663,--,--,--
G03,馬頭角,MA TAU KOK,G0301,保良局林文燦英文小學,PLK Lam Man Chan English Primary School,1790,768,--,--,--,--
G04,樂民,LOK MAN,G0401,獻主會聖馬善樂小學,St. Eugene de Mazenod Oblate Primary School,2310,1561,--,--,--,--
G05,常樂,SHEUNG LOK,G0501,聖文嘉幼稚園,St. Monica's Kindergarten,120,1559,1196,--,--,--
,,,G0502,循道衛理楊震社會服務處何文田青少年綜合發展中心,YMMSS Homantin Integrated Centre for Youth Development,89,1217,1136,--,--,--
G06,何文田,HO MAN TIN,G0601,余振強紀念中學,Yu Chun Keung Memorial College,1488,1210,--,--,--,--
,,,G0602,何文田官立中學,Homantin Government Secondary School,888,642,--,--,--,--
G07,嘉道理,KADOORIE,G0701,明愛九龍社區中心,Caritas Community Centre - Kowloon,581,47,675,--,--,--
,,,G0702,九龍總商會,Kowloon Chamber of Commerce,752,45,1703,--,--,--
G10,龍城,LUNG SHING,G1001,九龍城體育館,Kowloon City Sports Centre,395,2021,--,--,--,--
G11,宋皇臺,SUNG WONG TOI,G1101,聖三一堂小學,Holy Trinity Primary School,2015,502,694,--,--,--
G12,啓德北,KAI TAK NORTH,G1201,保良局溫林美賢耆暉中心,PLK Wan Lam May Yin Shirley Neighborhood Elderly Centre,2610,73,16,932,--,--
G13,啓德南,KAI TAK SOUTH,G1301,佛教陳策文伉儷幼稚園,Buddhist Mr & Mrs Chan Chart Man Kindergarten,2199,763,--,--,--,--
G14,海心,HOI SHAM,G1401,聖公會聖匠小學,SKH Holy Carpenter Primary School,2478,654,--,--,--,--
G15,土瓜灣北,TO KWA WAN NORTH,G1501,土瓜灣市政大廈室內羽毛球場,To Kwa Wan Complex Indoor Games Room,204,177,1544,--,--,--
G16,土瓜灣南,TO KWA WAN SOUTH,G1601,中華基督教會基道中學,CCC Kei To Secondary School,1719,1020,--,--,--,--
G17,鶴園海逸,HOK YUEN LAGUNA VERDE,G1701,博愛醫院任永賢夫人幼稚園幼兒中心,POH Mrs Yam Wing Yin Kindergarten Day Nursery,572,1366,530,--,--,--
,,,G1702,紅磡社區會堂,Hung Hom Community Hall,378,241,609,--,--,--
G18,黃埔東,WHAMPOA EAST,G1801,葛量洪校友會黃埔學校,GCE Past Students' Association Whampoa Primary School,596,2345,2041,--,--,--
G19,黃埔西,WHAMPOA WEST,G1901,聖公會奉基千禧小學,SKH Fung Kei Millennium Primary School,2114,2075,--,--,--,--
G20,紅磡灣,HUNG HOM BAY,G2001,聖公會聖匠中學,SKH Holy Carpenter Secondary School,47,162,1740,1811,--,--
G21,紅磡,HUNG HOM,G2101,紅磡市政大廈體育館,Hung Hom Municipal Services Building Sports Centre,1173,1544,31,--,--,--
G23,愛民,OI MAN,G2301,何文田體育館,Ho Man Tin Sports Centre,2806,1547,--,--,--,--
G24,愛俊,OI CHUN,G2401,路德會包美達社區中心,Martha Boss Lutheran Community Centre,2772,1842,--,--,--,--
H01,龍趣,LUNG TSUI,H0101,黃大仙社區中心,Wong Tai Sin Community Centre,241,715,2191,--,--,--
H02,龍下,LUNG HA,H0201,黃大仙官立小學,Wong Tai Sin Government Primary School,1446,2552,--,--,--,--
H03,龍上,LUNG SHEUNG,H0301,龍翔官立中學,Lung Cheung Government Secondary School,2798,1478,204,--,--,--
H04,鳳凰,FUNG WONG,H0401,嗇色園西醫診所,Sik Sik Yuen Clinic,1422,1675,--,--,--,--
H05,鳳德,FUNG TAK,H0501,鳳德社區中心,Fung Tak Estate Community Centre,2766,2168,--,--,--,--
H06,龍星,LUNG SING,H0601,香港小童群益會賽馬會慈雲山青少年綜合服務中心,The Boys' & Girls' Clubs Association of Hong Kong Jockey Club  Tsz Wan Shan Children & Youth Integrated Services Centre,221,92,2071,1635,--,--
,,,H0602,真鐸學校,Chun Tok School,76,19,569,1339,--,--
H07,新蒲崗,SAN PO KONG,H0701,保良局何壽南小學,PLK Stanley Ho Sau Nan Primary School,1405,414,--,--,--,--
,,,H0702,嘉諾撒小學 (新蒲崗),Canossa Primary School (San Po Kong),1621,870,--,--,--,--
H08,東頭,TUNG TAU,H0801,東頭社區中心,Tung Tau Community Centre,1448,2710,--,--,--,--
H09,東美,TUNG MEI,H0901,聖公會基德小學,SKH Kei Tak Primary School,2894,1597,--,--,--,--
H10,樂富,LOK FU,H1001,摩士公園體育館,Morse Park Sports Centre,981,2232,--,--,--,--
H12,天強,TIN KEUNG,H1201,天主教博智小學,Price Memorial Catholic Primary School,1417,1684,--,--,--,--
,,,H1202,潔心林炳炎中學,Kit Sam Lam Bing Yim Secondary School,790,1088,--,--,--,--
H13,翠竹及鵬程,TSUI CHUK & PANG CHING,H1301,嗇色園主辦可德幼稚園,Ho Tak Kindergarten (Sponsored by Sik Sik Yuen),802,880,313,--,--,--
,,,H1302,翠竹商場5樓,"Level 5, Tsui Chuk Commercial Complex",1076,2087,502,--,--,--
H14,竹園南,CHUK YUEN SOUTH,H1401,竹園社區中心,Chuk Yuen Estate Community Centre,1610,561,--,--,--,--
,,,H1402,浸信會天虹小學,Baptist Rainbow Primary School,1446,546,--,--,--,--
H15,竹園北,CHUK YUEN NORTH,H1501,竹園體育館,Chuk Yuen Sports Centre,1206,2799,--,--,--,--
H16,慈雲西,TSZ WAN WEST,H1601,嗇色園主辦可立小學,Ho Lap Primary School (Sponsored by Sik Sik Yuen),362,2405,3285,--,--,--
H17,正愛,CHING OI,H1701,肖霞幼稚園,Chiu Ha Kindergarten,3243,2048,--,--,--,--
H19,慈雲東,TSZ WAN EAST,H1901,德愛中學,Tak Oi Secondary School,3192,1585,--,--,--,--
H20,瓊富,KING FU,H2001,嗇色園主辦可富耆英鄰舍中心,Ho Fu Neighbourhood Centre for Senior Citizens (Sponsored by Sik Sik Yuen),1480,2593,--,--,--,--
,,,H2002,香港遊樂場協會賽馬會瓊富青少年綜合服務中心,Hong Kong Playground Association Jockey Club King Fu Integrated Service Centre For Children & Youth,897,1314,--,--,--,--
H21,彩雲東,CHOI WAN EAST,H2101,保良局陳麗玲(百周年)學校,PLK Anita L. L. Chan (Centenary) School,1551,129,2201,--,--,--
H22,彩雲南,CHOI WAN SOUTH,H2201,香港幼稚園協會幼兒學校,Hong Kong Kindergarten Association Pre-School,2432,1321,--,--,--,--
H23,彩雲西,CHOI WAN WEST,H2301,彩雲社區中心,Choi Wan Estate Community Centre,1810,2682,--,--,--,--
H24,池彩,CHI CHOI,H2401,佛教孔仙洲紀念中學,Buddhist Hung Sean Chau Memorial College,1469,1120,--,--,--,--
,,,H2402,中華基督教會基華小學,CCC Kei Wa Primary School,614,958,--,--,--,--
H25,彩虹,CHOI HUNG,H2501,聖公會聖本德中學,SKH St. Benedict's School,1639,2898,--,--,--,--
J03,啓業,KAI YIP,J0301,啟業社區會堂,Kai Yip Community Hall,1826,2128,--,--,--,--
J04,麗晶,LAI CHING,J0401,仁濟醫院羅陳楚思中學,Yan Chai Hospital Law Chan Chor Si College,2682,3060,--,--,--,--
J07,佐敦谷,JORDAN VALLEY,J0701,香港基督教服務處樂暉長者地區中心,Hong Kong Christian Service Bliss District Elderly Community Centre,600,1621,--,--,--,--
,,,J0702,天主教彩霞邨潔心幼稚園,Choi Ha Estate Kit Sam Kindergarten,800,1017,--,--,--,--
J08,順天,SHUN TIN,J0801,寧波第二中學,Ning Po No. 2 College,2864,2764,--,--,--,--
J10,安利,ON LEE,J1001,迦密梁省德學校,Carmel Leung Sing Tak School,2128,1665,92,--,--,--
J11,寶達,PO TAT,J1101,秀茂坪天主教小學,Sau Mau Ping Catholic Primary School,1042,3993,--,--,--,--
J13,曉麗,HIU LAI,J1301,路德會陳蒙恩幼稚園,Chan Mung Yan Lutheran Kindergarten,1288,1907,--,--,--,--
,,,J1302,宣道會秀茂坪陳李詠貞幼稚園,CASMP Chen Lee Wing Tsing Kindergarten,996,1559,--,--,--,--
J14,秀茂坪南,SAU MAU PING SOUTH,J1401,觀塘官立小學(秀明道),Kwun Tong Government Primary School (Sau Ming Road),1831,386,205,--,--,--
,,,J1402,中華傳道會基石堂 ,CNEC Kei Shek Church,587,282,135,--,--,--
J16,興田,HING TIN,J1601,聖愛德華天主教小學,St. Edward's Catholic Primary School,2424,2125,--,--,--,--
J17,藍田,LAM TIN,J1701,藍田聖保祿中學,St. Paul's School (Lam Tin),1075,323,--,--,--,--
,,,J1702,飛雁幼稚園,Fei Ngan Kindergarten,2140,962,--,--,--,--
J19,平田,PING TIN,J1901,聖公會李兆強小學,SKH Lee Shiu Keung Primary School,3404,988,--,--,--,--
J20,栢雅,PAK NGA,J2001,聖公會慈光堂聖匠幼稚園,SKH Kindly Light Church Holy Carpenter Kindergarten,138,2666,1528,--,--,--
J22,油麗,YAU LAI,J2201,聖公會油塘基顯小學,SKH Yautong Kei Hin Primary School,318,1914,1264,--,--,--
J23,翠翔,CHUI CHEUNG,J2301,香港中國婦女會李樹培夫人啟知中心,Hong Kong Chinese Women's Club Dr. Ellen Li Learning Centre,2918,2654,--,--,--,--
J25,麗港城,LAGUNA CITY,J2501,茜草灣鄰里社區中心,Sai Tso Wan Neighbourhood Community Centre,4091,3243,--,--,--,--
J26,景田,KING TIN,J2601,藍田 (西區) 社區中心,Lam Tin (West) Estate Community Centre,2791,2170,--,--,--,--
J27,翠屏,TSUI PING,J2701,天主教佑華小學,Our Lady of China Catholic Primary School,3457,1134,--,--,--,--
J28,寶樂,PO LOK,J2801,觀塘瑪利諾書院,Kwun Tong Maryknoll College,2097,1717,--,--,--,--
J29,月華,YUET WAH,J2901,地利亞修女紀念學校 (月華),Delia Memorial School (Yuet Wah),2403,1098,--,--,--,--
J30,協康,HIP HONG,J3001,瑞和街體育館,Shui Wo Street Sports Centre,42,1145,522,--,--,--
,,,J3002,曉光街體育館,Hiu Kwong Street Sports Centre,592,686,385,--,--,--
J31,康樂,HONG LOK,J3101,觀塘功樂官立中學,Kwun Tong Kung Lok Government Secondary School,1624,1525,--,--,--,--
J32,定安,TING ON,J3201,聖公會基顯小學,SKH Kei Hin Primary School,2159,2097,--,--,--,--
J33,牛頭角上邨,UPPER NGAU TAU KOK ESTATE,J3301,循道衛理觀塘社會服務處牛頭角青少年綜合服務中心,Kwun Tong Methodist Social Service Ngau Tau Kok Youth Integrated Service Centre,2453,1531,--,--,--,--
J34,牛頭角下邨,LOWER NGAU TAU KOK ESTATE,J3401,振華道體育館,Chun Wah Road Sports Centre,562,496,--,--,--,--
,,,J3402,保良局顧卞裘莉長者日間護理中心,PLK Koo Bin Kau Lee Day Care Centre for the Elderly,1417,1945,--,--,--,--
J36,樂華北,LOK WAH NORTH,J3601,聖公會基樂小學,SKH Kei Lok Primary School,1729,1246,--,--,--,--
J37,樂華南,LOK WAH SOUTH,J3701,樂華社區中心,Lok Wah Estate Community Centre,1687,2245,--,--,--,--
K02,楊屋道,YEUNG UK ROAD,K0201,荃灣天主教小學,Tsuen Wan Catholic Primary School,2075,1233,--,--,--,--
K03,海濱,HOI BUN,K0301,天主教石鐘山紀念小學,Shak Chung Shan Memorial Catholic Primary School,1926,2647,--,--,--,--
K04,祈德尊,CLAGUE GARDEN,K0401,寶安商會王少清中學,POCA Wong Siu Ching Secondary School,1825,1550,--,--,--,--
K06,愉景,DISCOVERY PARK,K0601,荃景圍體育館,Tsuen King Circuit Sports Centre,3674,2020,--,--,--,--
K07,荃灣中心,TSUEN WAN CENTRE,K0701,柴灣角天主教小學,Chai Wan Kok Catholic Primary School,2235,2074,--,--,--,--
K08,荃威,ALLWAY,K0801,中華基督教會基慧小學,CCC Kei Wai Primary School,1540,2298,--,--,--,--
,,,K0802,川龍村公所,Chuen Lung Village Office,237,522,--,--,--,--
K09,麗濤,LAI TO,K0901,荃灣官立小學,Tsuen Wan Government Primary School,3661,1441,--,--,--,--
K10,汀深,TING SHAM,K1001,深井天主教小學,Sham Tseng Catholic Primary School,1606,1799,454,--,--,--
K11,荃灣西,TSUEN WAN WEST,K1101,香港浸信會聯會小學,Hong Kong Baptist Convention Primary School,762,2144,1364,--,--,--
,,,K1102,荃灣聖芳濟中學,"St. Francis Xavier's School, Tsuen Wan",31,318,136,--,--,--
K12,荃灣郊區,TSUEN WAN RURAL,K1201,圓玄學院荃灣西長者鄰舍中心,The Yuen Yuen Institute Tsuen Wan West Elderly Neighbourhood Centre,895,944,--,--,--,--
,,,K1202,澳仙納幼稚園舊址,Former Site of Oceanic Kindergarten,324,370,--,--,--,--
,,,K1203,豪景花園遊樂會,Hongkong Garden Club Ltd.,593,670,--,--,--,--
K13,馬灣,MA WAN,K1301,中華基督教會基慧小學 (馬灣),CCC Kei Wai Primary School (Ma Wan),529,193,1668,1056,--,--
K14,綠楊,LUK YEUNG,K1401,蕙荃體育館,Wai Tsuen Sports Centre,1933,2193,--,--,--,--
K15,梨木樹東,LEI MUK SHUE EAST,K1501,梨木樹社區會堂,Lei Muk Shue Community Hall,2654,1387,--,--,--,--
,,,K1502,河背村村公所,Ho Pui Tsuen Village Office,515,386,--,--,--,--
K16,梨木樹西,LEI MUK SHUE WEST,K1601,梨木樹天主教小學,Lei Muk Shue Catholic Primary School,1385,2895,--,--,--,--
K17,石圍角,SHEK WAI KOK,K1701,香港道教聯合會圓玄學院石圍角小學,HKTA YYI Shek Wai Kok Primary School,2356,1035,--,--,--,--
K18,象石,CHEUNG SHEK,K1801,荃灣信義學校,Tsuen Wan Lutheran School,486,1057,188,--,--,--
L01,屯門市中心,TUEN MUN TOWN CENTRE,L0101,屯門大會堂展覽廳,"Exhibition Gallery, Tuen Mun Town Hall",684,1165,--,--,--,--
,,,L0102,聖公會聖西門呂明才中學,SKH St. Simon's Lui Ming Choi Secondary School,150,352,--,--,--,--
L02,兆置,SIU CHI,L0201,保良局香港道教聯合會圓玄小學,PLK HKTA Yuen Yuen Primary School,2909,1273,190,--,--,--
,,,L0202,仁愛堂劉皇發夫人小學,Yan Oi Tong Madam Lau Wong Fat Primary School,642,259,42,--,--,--
L03,兆翠,SIU TSUI,L0301,深培中學,Semple Memorial Secondary School,1455,114,1165,--,--,--
,,,L0302,青松侯寶垣中學,Ching Chung Hau Po Woon Secondary School,1683,78,1371,--,--,--
L04,安定,ON TING,L0401,安定/友愛社區中心,On Ting/Yau Oi Community Centre,1642,1740,--,--,--,--
,,,L0402,聖公會青山聖彼得堂兆麟苑幼稚園,SKH St. Peter's Church Castle Peak Siu Lun Court Kindergarten,574,643,--,--,--,--
L05,友愛南,YAU OI SOUTH,L0501,順德聯誼總會譚伯羽中學,STFA Tam Pak Yu College,1057,2085,--,--,--,--
L06,友愛北,YAU OI NORTH,L0601,伊斯蘭學校,Islamic Primary School,1299,1319,72,--,--,--
,,,L0602,仁濟醫院何式南小學,YCH Ho Sik Nam Primary School,317,412,20,--,--,--
L08,山景,SHAN KING,L0801,山景社區會堂,Shan King Community Hall,1853,1605,--,--,--,--
L10,興澤,HING TSAK,L1001,大興體育館,Tai Hing Sports Centre,1498,2673,--,--,--,--
L11,新墟,SAN HUI,L1101,仁愛堂胡忠長者地區中心,Yan Oi Tong Woo Chung District Elderly Community Centre,165,86,154,--,--,--
,,,L1102,井財街社區會堂,Tseng Choi Street Community Hall,577,545,945,--,--,--
L12,三聖,SAM SHING,L1201,救世軍三聖邨劉伍英學校,The Salvation Army Sam Shing Chuen Lau Ng Ying School,439,1134,--,--,--,--
,,,L1202,海關訓練學校,Customs and Excise Training School,453,703,--,--,--,--
L13,恆褔,HANFORD,L1301,鐘聲慈善社胡陳金枝中學,Chung Sing Benevolent Society Mrs Aw Boon Haw Secondary School,663,260,13,163,--,--
,,,L1302,入境事務學院,Immigration Service Institute of Training and Development,786,223,54,281,--,--
,,,L1303,保良局西區婦女福利會馮李佩瑤小學,PLK Women's Welfare Club Western District Fung Lee Pui Yiu Primary School,1148,538,29,253,--,--
L14,富新,FU SUN,L1401,新屯門中心社區中心,Community Centre of Sun Tuen Mun Centre,676,179,445,920,2493,172
L15,悅湖,YUET WU,L1501,南屯門官立中學,South Tuen Mun Government Secondary School,2073,1682,--,--,--,--
L16,兆禧,SIU HEI,L1601,世界龍岡學校劉德容紀念小學,LKWFS Lau Tak Yung Memorial Primary School,1488,2021,--,--,--,--
L17,湖景,WU KING,L1701,東華三院辛亥年總理中學,TWGHs Sun Hoi Directors' College,1454,1049,--,--,--,--
L18,蝴蝶,BUTTERFLY,L1801,五邑鄒振猷學校,FDBWA Chow Chin Yau School,1299,483,--,--,--,--
,,,L1802,蝴蝶灣社區中心,Butterfly Bay Community Centre,1206,1466,--,--,--,--
L19,樂翠,LOK TSUI,L1901,香港路德會增城兆霖學校,Lutheran Tsang Shing Siu Leun School,1742,97,367,22,84,1617
,,,L1902,龍鼓灘村公所,Lung Kwu Tan Village Office,271,2,24,3,10,119
L21,新景,SAN KING,L2101,香港紅卍字會屯門卍慈小學,HKRSS Tuen Mun Primary School,1243,2686,--,--,--,--
L22,良景,LEUNG KING,L2201,良景社區中心,Leung King Community Centre,2366,1290,--,--,--,--
L23,田景,TIN KING,L2301,柏立基教育學院校友會何壽基學校,SRBCEPSA Ho Sau Ki School,2295,1321,--,--,--,--
L24,寶田,PO TIN,L2401,保良局志豪小學,PLK Horizon East Primary School,2073,288,--,--,--,--
,,,L2402,屯門紫田村村公所,Tuen Mun Tsz Tin Tsuen Village Office,443,114,--,--,--,--
L25,建生,KIN SANG,L2501,建生社區會堂,Kin Sang Community Hall,1283,2456,--,--,--,--
L26,兆康,SIU HONG,L2601,屯門官立小學,Tuen Mun Government Primary School,2677,80,2267,--,--,--
L27,景峰,PRIME VIEW,L2701,聖公會蒙恩小學,SKH Mung Yan Primary School,2151,878,--,--,--,--
,,,L2702,興德學校,Hing Tak School,819,248,--,--,--,--
L28,富泰,FU TAI,L2801,嶺南大學郭少明伉儷樓,"Simon and Eleanor Kwok Building, Lingnan University",2610,949,--,--,--,--
,,,L2802,福亨村村公所,Fuk Hang Tsuen Village Office,213,95,--,--,--,--
L29,屯門鄉郊,TUEN MUN RURAL,L2901,僑所公立學校,Kiu Saw Public School,274,650,--,--,--,--
,,,L2902,屯門學校,Tuen Mun School,188,524,--,--,--,--
,,,L2903,屯門新村村公所,Tuen Mun San Tsuen Village Office,266,470,--,--,--,--
M01,豐年,FUNG NIN,M0101,元朗商會小學,Yuen Long Merchants Association Primary School,2179,1227,--,--,--,--
M03,南屏,NAM PING,M0301,朗屏社區會堂,Long Ping Community Hall,2598,1249,246,--,--,--
M04,北朗,PEK LONG,M0401,元朗朗屏邨東莞學校,Yuen Long Long Ping Estate Tung Koon Primary School,1653,2313,--,--,--,--
,,,M0402,金巴崙長老會耀道中學,Cumberland Presbyterian Church Yao Dao Secondary School,360,577,--,--,--,--
M05,元朗中心,YUEN LONG CENTRE,M0501,元朗郵政局,Yuen Long Post Office,683,1137,--,--,--,--
,,,M0502,鳳琴街體育館,Fung Kam Street Sports Centre,366,478,--,--,--,--
M06,元龍,YUEN LUNG,M0601,中華基督教會基元中學,CCC Kei Yuen College,2651,362,--,--,--,--
M07,鳳翔,FUNG CHEUNG,M0701,佛教榮茵學校,Buddhist Wing Yan School,2173,1425,163,--,--,--
M13,屏山北,PING SHAN NORTH,M1301,橫洲村公所,Wang Chau Village Office,614,1047,--,--,--,--
,,,M1302,前沙江公立聯益學校,Former Sha Kong Public Luen Yick School,324,297,--,--,--,--
M14,廈村,HA TSUEN,M1401,基督教香港信義會榮真堂,ELCHK Wing Jan Lutheran Church,29,388,--,--,--,--
,,,M1402,錫降圍村公所,Sik Kong Wai Village Office,125,1248,--,--,--,--
,,,M1403,鄰舍輔導會屯門/元朗鄉郊中心,The Neighbourhood Advice-Action Council Tuen Mun / Yuen Long Rural Village Centre,222,974,--,--,--,--
M15,天盛,TIN SHING,M1501,伊利沙伯中學舊生會小學分校,Queen Elizabeth School Old Students' Association Branch Primary School,2689,1217,--,--,--,--
,,,M1502,天主教培聖中學,Pui Shing Catholic Secondary School,1013,590,--,--,--,--
M16,瑞愛,SHUI OI,M1601,天瑞社區中心,Tin Shui Community Centre,1434,3136,--,--,--,--
M17,瑞華,SHUI WAH,M1701,東華三院姚達之紀念小學(元朗),TWGHs Yiu Dak Chi Memorial Primary School (Yuen Long),1634,1941,--,--,--,--
M18,頌華,CHUNG WAH,M1801,賽馬會毅智書院,The Jockey Club Eduyoung College,901,642,--,--,--,--
,,,M1802,東華三院李東海小學,TWGHs Leo Tung-hai Lee Primary School,874,323,--,--,--,--
M20,富恩,FU YAN,M2001,香港普通話研習社科技創意小學,Xianggang Putonghua Yanxishe Primary School of Science and Creativity,1339,2819,--,--,--,--
M21,逸澤,YAT CHAK,M2101,宣道會葉紹蔭紀念小學,Christian Alliance S Y Yeh Memorial Primary School,2288,496,1468,--,--,--
M22,天恒,TIN HENG,M2201,順德聯誼總會伍冕端小學,STFA Wu Mien Tuen Primary School,1317,846,2749,--,--,--
M24,晴景,CHING KING,M2401,天晴社區會堂,Tin Ching Community Hall,2423,632,--,--,--,--
M25,嘉湖北,KINGSWOOD NORTH,M2501,香港管理專業協會羅桂祥中學,The Hong Kong Management Association K S Lo College,2775,1747,--,--,--,--
M26,慈祐,TSZ YAU,M2601,道慈佛社楊日霖紀念學校,BTCFS Yeung Yat Lam Memorial School,2438,1345,--,--,--,--
M27,耀祐,YIU YAU,M2701,天水圍官立中學,Tin Shui Wai Government Secondary School,1584,1255,--,--,--,--
M28,天耀,TIN YIU,M2801,天耀社區中心,Tin Yiu Community Centre,1713,1552,--,--,--,--
M29,嘉湖南,KINGSWOOD SOUTH,M2901,職業訓練局青年學院(天水圍),"Vocational Training Council,Youth College (Tin Shui Wai)",1341,1618,--,--,--,--
,,,M2902,天水圍官立小學,Tin Shui Wai Government Primary School,383,573,--,--,--,--
M30,頌栢,CHUNG PAK,M3001,香港青年協會李兆基小學,HKFYG Lee Shau Kee Primary School,2078,1380,--,--,--,--
M31,錦綉花園,FAIRVIEW PARK,M3101,港澳信義會黃陳淑英紀念學校,HKMLC Wong Chan Sook Ying Memorial School,1826,144,1596,--,--,--
M32,新田,SAN TIN,M3201,惇裕學校,Tun Yu School,944,487,--,--,--,--
,,,M3202,位於下竹園路與錦壆路交界對出空地的臨時辦公室,Temporary Office at the Open Space in front of the intersection of Ha Chuk Yuen Road and Kam Pok Road,1342,706,--,--,--,--
M34,八鄉北,PAT HEUNG NORTH,M3401,台山公立學校 (舊址),Toi Shan Public School (Former),1471,1806,--,--,--,--
M35,八鄉南,PAT HEUNG SOUTH,M3501,八鄉中心小學 (石湖塘),Pat Heung Central Primary School (Shek Wu Tong),1482,2872,--,--,--,--
N01,聯和墟,LUEN WO HUI,N0101,香海正覺蓮社佛教馬錦燦紀念英文中學,HHCKLA Buddhist Ma Kam Chan Memorial English Secondary School,1981,2640,413,--,--,--
N02,粉嶺市,FANLING TOWN,N0201,粉嶺公立學校,Fanling Public School,262,892,--,--,--,--
,,,N0202,明愛粉嶺陳震夏中學,Caritas Fanling Chan Chun Ha Secondary School,564,511,--,--,--,--
N03,祥華,CHEUNG WAH,N0301,祥華社區會堂,Cheung Wah Community Hall,1569,1814,1710,178,--,--
N05,華明,WAH MING,N0501,鳳溪廖潤琛紀念學校,Fung Kai Liu Yun Sum Memorial School,1814,2660,--,--,--,--
N08,粉嶺南,FANLING SOUTH,N0801,粉嶺官立中學,Fanling Government Secondary School,1222,570,--,--,--,--
,,,N0802,田家炳中學,Tin Ka Ping Secondary School,602,422,--,--,--,--
N10,御太,YU TAI,N1001,風采中學 (教育評議會主辦),Elegantia College (Sponsored by Education Convergence),1922,326,672,--,--,--
N11,上水鄉郊,SHEUNG SHUI RURAL,N1101,金錢村何東學校,Kam Tsin Village Ho Tung School,306,1126,--,--,--,--
,,,N1102,蕉徑村公所,Tsiu Keng Village Office,714,395,--,--,--,--
,,,N1103,古洞公立愛華學校,Ku Tung Public Oi Wah School,773,950,--,--,--,--
,,,N1104,坑頭村公所,Hang Tau Village Office,681,463,--,--,--,--
N12,彩園,CHOI YUEN,N1201,彩園會堂,Choi Yuen Estate Hall,2481,1975,--,--,--,--
N13,石湖墟,SHEK WU HUI,N1301,龍琛路體育館,Lung Sum Avenue Sports Centre,14,213,273,--,--,--
,,,N1302,聖公會陳融中學,SKH Chan Young Secondary School,44,1066,1424,--,--,--
,,,N1303,香海正覺蓮社佛教陳式宏學校,HHCKLA Buddhist Chan Shi Wan Primary School,32,481,693,--,--,--
N14,天平西,TIN PING WEST,N1401,石湖墟公立學校,Shek Wu Hui Public School,1445,2219,797,--,--,--
N15,鳳翠,FUNG TSUI,N1501,鳳溪廖萬石堂中學,Fung Kai Liu Man Shek Tong Secondary School,981,1460,1649,--,--,--
N16,沙打,SHA TA,N1601,打鼓嶺嶺英公立學校,Ta Ku Ling Ling Ying Public School,186,171,139,5,--,--
,,,N1602,International College Hong Kong,International College Hong Kong,462,402,78,23,--,--
,,,N1604,沙頭角中心小學,Sha Tau Kok Central Primary School,1471,395,133,74,--,--
,,,N1606,打鼓嶺社區會堂,Ta Kwu Ling Community Hall,188,136,301,9,--,--
N17,天平東,TIN PING EAST,N1701,天平體育館,Tin Ping Sports Centre,1139,1039,475,--,--,--
,,,N1702,聯和墟社區會堂,Luen Wo Hui Community Hall,587,528,128,--,--,--
P01,大埔墟,TAI PO HUI,P0101,大埔社區中心 (展覽廳),Tai Po Community Centre (Exhibition Hall),1096,865,--,--,--,--
P02,大埔中,TAI PO CENTRAL,P0201,大埔官立中學,Tai Po Government Secondary School,1444,1866,384,--,--,--
P03,頌汀,CHUNG TING,P0301,新界婦孺福利會梁省德學校,NTW&JWAL Leung Sing Tak Primary School,803,643,--,--,--,--
,,,P0302,香港紅卍字會大埔卍慈中學,HKRSS Tai Po Secondary School,1007,1238,--,--,--,--
P04,大元,TAI YUEN,P0401,大元社區會堂,Tai Yuen Community Hall,1334,2017,--,--,--,--
P05,富亨,FU HENG,P0501,富亨鄰里社區中心,Fu Heng Neighbourhood Community Centre,1417,3716,--,--,--,--
P06,怡富,YEE FU,P0601,富善社區會堂,Fu Shin Community Hall,1607,4148,--,--,--,--
P07,富明新,FU MING SUN,P0701,香港道教聯合會圓玄學院第二中學,HKTA The Yuen Yuen Institute No. 2 Secondary School,3147,1122,--,--,--,--
P08,廣福及寶湖,KWONG FUK & PLOVER COVE,P0801,廣福社區會堂,Kwong Fuk Community Hall,2004,281,612,--,--,--
,,,P0802,大埔崇德黃建常紀念學校,Sung Tak Wong Kin Sheung Memorial School,244,82,167,--,--,--
P09,宏福,WANG FUK,P0901,大埔浸信會公立學校,Tai Po Baptist Public School,2120,1570,--,--,--,--
P11,運頭塘,WAN TAU TONG,P1101,運頭塘鄰里社區中心,Wan Tau Tong Neighbourhood Community Centre,2123,2711,--,--,--,--
P12,新富,SAN FU,P1201,羅定邦中學,Law Ting Pong Secondary School,1742,1842,108,--,--,--
,,,P1202,挪威國際學校,Norwegian International School,322,605,21,--,--,--
P13,林村谷,LAM TSUEN VALLEY,P1301,南華莆村崇真堂,Nam Wah Po Village Tsung Tsin Church,14,55,285,--,--,--
,,,P1302,獅子會林村青年中心,Lions Club Lam Tsuen Youth Centre,197,1432,1033,--,--,--
,,,P1303,大埔頭水圍村公所,Tai Po Tau Shui Wai Village Office,131,501,195,--,--,--
,,,P1304,泰亨公立學校,Tai Hang Public School,32,480,231,--,--,--
P14,寶雅,PO NGA,P1401,神召會康樂中學,Assembly of God Hebron Secondary School,2683,2292,--,--,--,--
P16,舊墟及太湖,OLD MARKET & SERENITY,P1601,太和鄰里社區中心,Tai Wo Neighbourhood Community Centre,2170,1699,--,--,--,--
P17,康樂園,HONG LOK YUEN,P1701,大埔三育中學,Tai Po Sam Yuk Secondary School,321,703,--,--,--,--
,,,P1702,九龍坑公立育賢學校,Kau Lung Hang Public Yuk Yin School,278,520,--,--,--,--
,,,P1703,康樂園服務處會議室,Conference Room of Hong Lok Yuen Management Services Office,263,305,--,--,--,--
,,,P1704,孔教學院大成何郭佩珍中學,Confucian Tai Shing Ho Kwok Pui Chun College,270,252,--,--,--,--
P19,西貢北,SAI KUNG NORTH,P1901,香港浸信會神學院,Hong Kong Baptist Theological Seminary,932,985,--,--,--,--
,,,P1903,塔門青年會,Tap Mun Youth Club,92,19,--,--,--,--
Q01,西貢市中心,SAI KUNG CENTRAL,Q0101,西貢賽馬會大會堂,The Sai Kung Jockey Club Town Hall,640,1151,--,--,--,--
,,,Q0102,萬宜漁村公共會堂,Man Yee Fishermen Village Community Hall,203,572,--,--,--,--
Q02,白沙灣,PAK SHA WAN,Q0201,前西貢中心小學,Ex-Sai Kung Central Primary School,1109,1539,--,--,--,--
Q04,坑口東,HANG HAU EAST,Q0401,港澳信義會小學,Hong Kong and Macau Lutheran Church Primary School,810,962,--,--,--,--
Q05,坑口西,HANG HAU WEST,Q0501,新界西貢坑口區鄭植之中學,"Cheng Chek Chee Secondary School of Sai Kung & Hang Hau District, N.T.",662,964,--,--,--,--
,,,Q0502,寶林體育館,Po Lam Sports Centre,365,433,--,--,--,--
Q06,寶怡,PO YEE,Q0601,播道書院,Evangel College,2361,1838,--,--,--,--
Q07,維景,WAI KING,Q0701,香港基督教女青年會將軍澳綜合社會服務處,HKYWCA Tseung Kwan O Integrated Social Service Centre,357,3014,--,--,--,--
Q08,都善,DO SHIN,Q0801,香港知專設計學院及香港專業教育學院(李惠利),Hong Kong Design Institute & Hong Kong Institute of Vocational Education (Lee Wai Lee),572,617,531,1216,--,--
Q09,健明,KIN MING,Q0901,香海正覺蓮社佛教正覺中學,HHCKLA Buddhist Ching Kok Secondary School,710,3719,--,--,--,--
Q10,彩健,CHOI KIN,Q1001,寶覺中學,Po Kok Secondary School,1791,2873,--,--,--,--
Q11,澳唐,O TONG,Q1101,博愛醫院八十週年鄧英喜中學,POH 80th Anniversary Tang Ying Hei College,1314,1831,1036,--,--,--
Q12,富君,FU KWAN,Q1201,仁濟醫院王華湘中學,YCH Wong Wha San Secondary School,2087,1671,43,--,--,--
Q13,軍寶,KWAN PO,Q1301,將軍澳運動場,Tseung Kwan O Sports Ground,534,480,583,487,784,--
Q14,南安,NAM ON,Q1401,保良局馮晴紀念小學,PLK Fung Ching Memorial Primary School,3359,985,--,--,--,--
Q15,康景,HONG KING,Q1501,翠林體育館,Tsui Lam Sports Centre,373,593,--,--,--,--
,,,Q1502,景嶺書院,King Ling College,899,768,--,--,--,--
,,,Q1503,基督教聖約教會司務道幼稚園暨幼兒園,Mission Covenant Church Sister Annie's Kindergarten and Nursery,1174,1913,--,--,--,--
Q16,翠林,TSUI LAM,Q1601,翠林社區會堂,Tsui Lam Community Hall,1396,3051,--,--,--,--
Q17,寶林,PO LAM,Q1701,迦密主恩中學,Carmel Divine Grace Foundation Secondary School,2446,779,913,--,--,--
Q18,欣英,YAN YING,Q1801,寶林邨文娛活動會堂,Po Lam Multipurpose Hall,1007,3283,1229,--,--,--
Q19,運亨,WAN HANG,Q1901,順德聯誼總會梁潔華小學,STFA Leung Kit Wah Primary School,1272,1752,73,--,--,--
,,,Q1902,東華三院王余家潔紀念小學,TWGHs Wong Yee Jar Jat Memorial Primary School,1041,1352,44,--,--,--
Q20,景林,KING LAM,Q2001,香海正覺蓮社佛教黃藻森學校,HHCKLA Buddhist Wong Cho Sum School,2878,2707,--,--,--,--
Q21,厚德,HAU TAK,Q2101,天主教鳴遠中學,Catholic Ming Yuen Secondary School,2679,2261,--,--,--,--
Q22,富藍,FU NAM,Q2201,坑口社區會堂,Hang Hau Community Hall,2113,2207,--,--,--,--
Q24,尚德,SHEUNG TAK,Q2401,尚德社區會堂,Sheung Tak Community Hall,650,2978,1662,--,--,--
Q25,廣明,KWONG MING,Q2501,香港道教聯合會圓玄學院第三中學,HKTA The Yuen Yuen Institute No.3 Secondary School,777,1055,3373,--,--,--
Q26,環保北,WAN PO NORTH,Q2601,將軍澳官立小學,Tseung Kwan O Government Primary School,136,1153,--,--,--,--
,,,Q2602,康城社區會堂,Lohas Park Community Hall,529,1514,--,--,--,--
Q27,環保南,WAN PO SOUTH,Q2701,香港青年協會康城青年空間,The Hong Kong Federation of Youth Groups LOHAS Youth S.P.O.T.,2188,539,--,--,--,--
R01,沙田市中心,SHA TIN TOWN CENTRE,R0101,沙田大會堂,Sha Tin Town Hall,1023,2299,--,--,--,--
,,,R0102,沙田官立中學,Sha Tin Government Secondary School,305,460,--,--,--,--
R02,瀝源,LEK YUEN,R0201,瀝源社區會堂,Lek Yuen Community Hall,1799,1406,--,--,--,--
R03,禾輋邨,WO CHE ESTATE,R0301,禾輋社區會堂,Wo Che Community Hall,2495,1602,1185,--,--,--
R06,王屋,WONG UK,R0601,慈航學校,Chi Hong Primary School,1032,1116,--,--,--,--
,,,R0602,富豪花園商場一樓富豪橋有蓋走廊,Belair Gardens Shopping Arcade 1/F Footbridge,904,995,--,--,--,--
R07,沙角,SHA KOK,R0701,佛教覺光法師中學,Buddhist Kok Kwong Secondary School,2627,2437,--,--,--,--
R08,博康,POK HONG,R0801,博康社區會堂,Pok Hong Community Hall,2859,2666,--,--,--,--
R09,乙明,JAT MIN,R0901,沙田圍胡素貞博士紀念學校,Sha Tin Wai Dr. Catherine F. Woo Memorial School,475,994,3004,--,--,--
,,,R0902,香港女童軍總會博康營地,The Hong Kong Girl Guides Association Pok Hong Camp Site,66,56,217,--,--,--
R10,秦豐,CHUN FUNG,R1001,秦石社區會堂,Chun Shek Community Hall,1578,3724,--,--,--,--
R11,新田圍,SUN TIN WAI,R1101,新田圍社區會堂,Sun Tin Wai Community Hall,1052,1777,--,--,--,--
,,,R1102,五育中學,Ng Yuk Secondary School,436,678,--,--,--,--
R12,翠田,CHUI TIN,R1201,九龍城浸信會禧年 (恩平) 小學,Kowloon City Baptist Church Hay Nien (Yan Ping) Primary School,2048,1675,--,--,--,--
R13,顯嘉,HIN KA,R1301,香港中文大學校友會聯會張煊昌學校,CUHK FAA Thomas Cheung School,803,704,--,--,--,--
,,,R1302,顯徑體育館,Hin Keng Sports Centre,1670,1009,--,--,--,--
R14,下城門,LOWER SHING MUN,R1401,美田社區會堂,Mei Tin Community Hall,1209,987,1175,--,--,--
R15,雲城,WAN SHING,R1501,東莞工商總會劉百樂中學,GCCITKD Lau Pak Lok Secondary School,626,605,1050,--,--,--
,,,R1502,保良局朱敬文中學,PLK C.W. Chu College,336,322,939,--,--,--
R16,徑口,KENG HAU,R1601,顯徑鄰里社區中心,Hin Keng Neighbourhood Community Centre,2311,1694,--,--,--,--
,,,R1602,才俊學校,Choi Jun School,515,450,--,--,--,--
R18,翠嘉,CHUI KA,R1801,東莞工商總會張煌偉小學,GCCITKD Cheong Wong Wai Primary School,1029,1068,2433,--,--,--
R19,大圍,TAI WAI,R1901,佛教黃允畋中學,Buddhist Wong Wan Tin College,3340,1740,--,--,--,--
,,,R1902,大圍村村公所,Tai Wai Village Office,309,347,--,--,--,--
R20,松田,CHUNG TIN,R2001,美林體育館,Mei Lam Sports Centre,1491,580,1144,--,--,--
,,,R2002,基督教香港信義會沙田信義幼稚園,ELCHK Shatin Lutheran Kindergarten,140,82,124,--,--,--
R21,穗禾,SUI WO,R2101,保良局蕭漢森小學,PLK Siu Hon Sum Primary School,1984,2160,101,--,--,--
R22,火炭,FO TAN,R2201,賽馬會體藝中學,Jockey Club Ti-I College,1905,1250,--,--,--,--
R23,駿馬,CHUN MA,R2301,香港中文大學富爾敦樓,"John Fulton Centre, The Chinese University of Hong Kong",186,319,22,--,--,--
,,,R2302,仁愛堂香港台山商會長者活動中心,Yan Oi Tong H.K. Toi Shan Association Elderly Centre,983,1339,126,--,--,--
R24,頌安,CHUNG ON,R2401,宣道會台山陳元喜小學,Christian Alliance Toi Shan H. C. Chan Primary School,2376,2506,--,--,--,--
R25,錦濤,KAM TO,R2501,香港中文大學校友會聯會陳震夏中學,CUHKFAA Chan Chun Ha Secondary School,2455,2592,--,--,--,--
R26,馬鞍山市中心,MA ON SHAN TOWN CENTRE,R2601,香港道教聯合會純陽小學,Hong Kong Taoist Association Shun Yeung Primary School,2391,1106,--,--,--,--
R27,利安,LEE ON,R2701,馬鞍山靈糧小學,Ma On Shan Ling Liang Primary School,3938,33,1767,--,--,--
R28,富龍,FU LUNG,R2801,明愛馬鞍山中學,Caritas Ma On Shan Secondary School,3027,2730,--,--,--,--
R29,烏溪沙,WU KAI SHA,R2901,利安社區會堂,Lee On Community Hall,1567,1121,--,--,--,--
R30,錦英,KAM YING,R3001,吳氏宗親總會泰伯紀念學校,Ng Clan's Association Tai Pak Memorial School,790,749,857,1111,--,--
,,,R3002,東華三院黃鳳翎中學,TWGHs Wong Fung Ling College,652,139,755,65,--,--
R31,耀安,YIU ON,R3101,保良局莊啟程小學,PLK Chong Kee Ting Primary School,3021,2071,--,--,--,--
R32,恒安,HENG ON,R3201,馬鞍山聖若瑟小學,Ma On Shan St. Joseph's Primary School,1531,2400,--,--,--,--
,,,R3202,恒安社區中心,Heng On Estate Community Centre,1175,1340,--,--,--,--
R33,鞍泰,ON TAI,R3301,德信中學,Tak Sun Secondary School,3657,2647,--,--,--,--
R34,大水坑,TAI SHUI HANG,R3401,九龍城浸信會禧年小學,Kowloon City Baptist Church Hay Nien Primary School,2511,1975,--,--,--,--
,,,R3402,基督教香港信義會馬鞍山信義學校,The ELCHK Ma On Shan Lutheran Primary School,453,654,--,--,--,--
R36,碧湖,BIK WOO,R3601,路德會梁鉅鏐小學,Leung Kui Kau Lutheran Primary School,1342,1396,1054,--,--,--
,,,R3602,香港浸會大學附屬學校王錦輝中小學,Hong Kong Baptist University Affiliated School Wong Kam Fai Secondary and Primary School,148,956,97,--,--,--
R37,廣康,KWONG HONG,R3701,沙田循道衛理小學,Shatin Methodist Primary School,1028,2034,1828,--,--,--
R38,廣源,KWONG YUEN,R3801,廣源社區會堂,Kwong Yuen Community Hall,2525,1553,--,--,--,--
S01,葵興,KWAI HING,S0101,中華傳道會許大同學校,CNEC Ta Tung School,2931,1139,--,--,--,--
S02,葵盛東邨,KWAI SHING EAST ESTATE,S0201,基督教香港信義會葵盛信義學校,ELCHK Kwai Shing Lutheran Primary School,75,1833,677,3212,--,--
S03,上大窩口,UPPER TAI WO HAU,S0301,仁愛堂彭鴻樟幼稚園,Yan Oi Tong Pang Hung Cheung Kindergarten,1589,2217,--,--,--,--
S04,下大窩口,LOWER TAI WO HAU,S0401,佛教林炳炎紀念學校(香港佛教聯合會主辦),Buddhist Lam Bing Yim Memorial School (Sponsored by the Hong Kong Buddhist Association),3098,1369,--,--,--,--
S05,葵涌邨北,KWAI CHUNG ESTATE NORTH,S0501,中華基督教會全完中學,CCC Chuen Yuen College,2195,1617,--,--,--,--
S06,葵涌邨南,KWAI CHUNG ESTATE SOUTH,S0601,中華基督教會全完幼稚園,CCC Chuen Yuen Kindergarten,1299,1408,--,--,--,--
,,,S0602,聖公會仁立小學,SKH Yan Laap Primary School,491,912,--,--,--,--
S07,石蔭,SHEK YAM,S0701,聖公會主愛小學,SKH Chu Oi Primary School,2907,2853,--,--,--,--
S08,安蔭,ON YAM,S0801,慈幼葉漢小學,Salesian Yip Hon Primary School,2714,1831,--,--,--,--
S09,石籬南,SHEK LEI SOUTH,S0901,石籬 (一) 邨室內活動室,Shek Lei (I) Estate Indoor Activity Room,2974,3141,--,--,--,--
S10,石籬北,SHEK LEI NORTH,S1001,石籬社區會堂,Shek Lei Community Hall,2981,1459,--,--,--,--
S11,大白田,TAI PAK TIN,S1101,香港道教聯合會圓玄學院第一中學,HKTA The Yuen Yuen Institute No. 1 Secondary School,2884,1997,--,--,--,--
S12,葵芳,KWAI FONG,S1201,佛教林金殿紀念小學,Buddhist Lim Kim Tian Memorial Primary School,3301,1624,--,--,--,--
S13,華麗,WAH LAI,S1301,華景山莊北停車場地下會議室,"G/F, Conference Room, Northern Car Park, Wonderland Villas",159,308,554,--,--,--
,,,S1302,迦密愛禮信中學,Carmel Alison Lam Foundation Secondary School,48,123,148,--,--,--
,,,S1303,東華三院高可寧紀念小學,TWGHs Ko Ho Ning Memorial Primary School,56,276,1428,--,--,--
S15,祖堯,CHO YIU,S1501,香港四邑商工總會陳南昌紀念中學,The HKSYC&IA Chan Nam Chong Memorial College,2986,580,1230,--,--,--
S16,興芳,HING FONG,S1601,葵芳社區會堂,Kwai Fong Community Hall,2629,2701,--,--,--,--
S18,葵盛西邨,KWAI SHING WEST ESTATE,S1801,葵盛社區會堂,Kwai Shing Community Hall,3157,2146,--,--,--,--
S19,安灝,ON HO,S1901,地利亞(閩僑)英文小學,Delia (Man Kiu) English Primary School,2039,1375,--,--,--,--
,,,S1902,中華基督教會燕京書院,CCC Yenching College,982,1292,--,--,--,--
S21,青衣邨,TSING YI ESTATE,S2101,荃灣商會學校,Tsuen Wan Trade Association Primary School,1311,655,54,2419,--,--
S22,翠怡,GREENFIELD,S2201,東華三院吳祥川紀念中學,TWGHs S. C. Gaw Memorial College,705,206,--,--,--,--
,,,S2202,保良局世德小學,PLK Castar Primary School,2762,372,--,--,--,--
S23,長青,CHEUNG CHING,S2301,長青社區中心,Cheung Ching Estate Community Centre,1342,408,--,--,--,--
,,,S2302,美景花園自修室,"Study Room, Mayfair Gardens",1881,865,--,--,--,--
S25,盛康,SHING HONG,S2501,樂善堂梁植偉紀念中學,Lok Sin Tong Leung Chik Wai Memorial School,990,2345,--,--,--,--
S26,青衣南,TSING YI SOUTH,S2601,藍澄會,Rambler Crest Club House,432,384,--,--,--,--
,,,S2602,聖公會青衣主恩小學,SKH Tsing Yi Chu Yan Primary School,1222,2830,--,--,--,--
S27,長亨,CHEUNG HANG,S2701,長亨社區會堂,Cheung Hang Community Hall,165,1838,2814,168,--,--
S28,青發,CHING FAT,S2801,長發社區中心,Cheung Fat Estate Community Centre,233,2283,282,2648,--,--
S29,長安,CHEUNG ON,S2901,中華傳道會呂明才小學,CNEC Lui Ming Choi Primary School,2359,1467,554,--,--,--
T01,大嶼山,LANTAU,T0101,中華基督教會大澳小學,CCC Tai O Primary School,572,385,10,34,--,--
,,,T0104,醫療輔助隊東涌訓練中心,Auxiliary Medical Service Tung Chung Training Centre,264,32,80,45,--,--
,,,T0107,梅窩體育館,Mui Wo Sports Centre,621,135,575,296,--,--
,,,T0108,塘福鄉公所,Tong Fuk Village Office,136,40,9,38,--,--
,,,T0109,杯澳公立學校,Bui O Public School,302,61,53,73,--,--
T02,逸東邨北,YAT TUNG ESTATE NORTH,T0201,東涌天主教學校,Tung Chung Catholic School,900,3061,--,--,--,--
T03,逸東邨南,YAT TUNG ESTATE SOUTH,T0301,香港教育工作者聯會黃楚標學校,HKFEW Wong Cho Bau School,2001,2469,--,--,--,--
T04,東涌北,TUNG CHUNG NORTH,T0401,東涌社區會堂,Tung Chung Community Hall,1929,1897,--,--,--,--
T05,東涌南,TUNG CHUNG SOUTH,T0501,香港教育工作者聯會黃楚標中學,HKFEW Wong Cho Bau Secondary School,1917,2161,--,--,--,--
T06,愉景灣,DISCOVERY BAY,T0601,聖公會偉倫小學,SKH Wei Lun Primary School,860,1176,113,--,--,--
T09,長洲南,CHEUNG CHAU SOUTH,T0901,佛教慧因法師紀念中學,Buddhist Wai Yan Memorial College,326,528,965,--,--,--
,,,T0902,明愛陳震夏郊野學園(聖保祿校舍),Caritas Chan Chun Ha Field Studies Centre (St.Paul Campus),134,310,522,--,--,--
T10,長洲北,CHEUNG CHAU NORTH,T1001,長洲體育館,Cheung Chau Sports Centre,656,210,--,--,--,--
,,,T1002,國民學校,Kwok Man School,1025,270,--,--,--,--