,Unnamed: 0,topic_id,member_id,vote,name-en,name-ch,vote-date,vote-time,motion-en,motion-ch,mover-en,mover-ch,mover-type,vote-separate-mechanism,vote-time-h
2940,2940,07/11/2012-6,TSANG Yok-sing,Present,TSANG Yok-sing,曾鈺成,07/11/2012,23:47:21,"AMENDMENT BY HON LEE CHEUK-YAN TO HON WONG KWOK-HING'S MOTION ON ""PERFECTING HOUSING POLICY AND RESOLVING PUBLIC HOUSING NEED""",李卓人議員對王國興議員的「完善房屋政策，解決市民住屋需要」議案作出的修正案,LEE Cheuk-yan,李卓人,Member,Yes,23.0
3010,3010,07/11/2012-7,TSANG Yok-sing,Present,TSANG Yok-sing,曾鈺成,07/11/2012,23:50:18,"AMENDMENT BY HON LEUNG CHE-CHEUNG TO HON WONG KWOK-HING'S MOTION ON ""PERFECTING HOUSING POLICY AND RESOLVING PUBLIC HOUSING NEED""",梁志祥議員對王國興議員的「完善房屋政策，解決市民住屋需要」議案作出的修正案,LEUNG Che-cheung,梁志祥,Member,Yes,23.0
3080,3080,07/11/2012-8,TSANG Yok-sing,Present,TSANG Yok-sing,曾鈺成,07/11/2012,23:52:26,"AMENDMENT BY HON GARY FAN TO HON WONG KWOK-HING'S MOTION ON ""PERFECTING HOUSING POLICY AND RESOLVING PUBLIC HOUSING NEED""",范國威議員對王國興議員的「完善房屋政策，解決市民住屋需要」議案作出的修正案,Gary FAN,范國威,Member,Yes,23.0
3150,3150,07/11/2012-9,TSANG Yok-sing,Present,TSANG Yok-sing,曾鈺成,07/11/2012,23:54:29,"AMENDMENT BY HON MICHAEL TIEN TO HON WONG KWOK-HING'S MOTION ON ""PERFECTING HOUSING POLICY AND RESOLVING PUBLIC HOUSING NEED""",田北辰議員對王國興議員的「完善房屋政策，解決市民住屋需要」議案作出的修正案,Michael TIEN,田北辰,Member,Yes,23.0
3220,3220,07/11/2012-10,TSANG Yok-sing,Present,TSANG Yok-sing,曾鈺成,07/11/2012,23:56:39,"AMENDMENT BY IR DR HON LO WAI-KWOK TO HON WONG KWOK-HING'S MOTION ON ""PERFECTING HOUSING POLICY AND RESOLVING PUBLIC HOUSING NEED""",盧偉國議員對王國興議員的「完善房屋政策，解決市民住屋需要」議案作出的修正案,Ir Dr LO Wai-kwok,盧偉國,Member,Yes,23.0
3290,3290,07/11/2012-11,TSANG Yok-sing,Present,TSANG Yok-sing,曾鈺成,07/11/2012,23:58:46,"AMENDMENT BY HON JAMES TIEN TO HON WONG KWOK-HING'S MOTION ON ""PERFECTING HOUSING POLICY AND RESOLVING PUBLIC HOUSING NEED""",田北俊議員對王國興議員的「完善房屋政策，解決市民住屋需要」議案作出的修正案,James TIEN,田北俊,Member,Yes,23.0
3430,3430,14/11/2012-2,TSANG Yok-sing,Present,TSANG Yok-sing,曾鈺成,14/11/2012,23:14:44,"AMENDMENT BY HON FREDERICK FUNG TO HON CHAN YUEN-HAN'S MOTION ON ""ALLEVIATING POVERTY""",馮檢基議員對陳婉嫻議員的「紓解貧窮」議案作出的修正案,Frederick FUNG,馮檢基,Member,Yes,23.0
3500,3500,14/11/2012-3,TSANG Yok-sing,Present,TSANG Yok-sing,曾鈺成,14/11/2012,23:19:46,"AMENDMENT BY DR HON FERNANDO CHEUNG TO HON CHAN YUEN-HAN'S MOTION ON ""ALLEVIATING POVERTY"" AS AMENDED BY HON FREDERICK FUNG",張超雄議員對陳婉嫻議員就「紓解貧窮」所提，經馮檢基議員修正的議案，作出的修正案,Dr Fernando CHEUNG,張超雄,Member,Yes,23.0
3570,3570,14/11/2012-4,TSANG Yok-sing,Present,TSANG Yok-sing,曾鈺成,14/11/2012,23:23:24,"AMENDMENT BY HON CHEUNG KWOK-CHE TO HON CHAN YUEN-HAN'S MOTION ON ""ALLEVIATING POVERTY"" AS AMENDED BY HON FREDERICK FUNG",張國柱議員對陳婉嫻議員就「紓解貧窮」所提，經馮檢基議員修正的議案，作出的修正案,CHEUNG Kwok-che,張國柱,Member,Yes,23.0
3640,3640,14/11/2012-5,TSANG Yok-sing,Present,TSANG Yok-sing,曾鈺成,14/11/2012,23:25:57,"AMENDMENT BY HON TAM YIU-CHUNG TO HON CHAN YUEN-HAN'S MOTION ON ""ALLEVIATING POVERTY"" AS AMENDED BY HON FREDERICK FUNG",譚耀宗議員對陳婉嫻議員就「紓解貧窮」所提，經馮檢基議員修正的議案，作出的修正案,TAM Yiu-chung,譚耀宗,Member,Yes,23.0
3710,3710,14/11/2012-6,TSANG Yok-sing,Present,TSANG Yok-sing,曾鈺成,14/11/2012,23:29:13,"AMENDMENT BY HON ALBERT HO TO HON CHAN YUEN-HAN'S MOTION ON ""ALLEVIATING POVERTY"" AS AMENDED BY HON FREDERICK FUNG / HON TAM YIU-CHUNG",何俊仁議員對陳婉嫻議員就「紓解貧窮」所提，經馮檢基議員／譚耀宗議員修正的議案，作出的修正案,Albert HO,何俊仁,Member,Yes,23.0
3780,3780,14/11/2012-7,TSANG Yok-sing,Present,TSANG Yok-sing,曾鈺成,14/11/2012,23:31:46,"AMENDMENT BY HON ALAN LEONG TO HON CHAN YUEN-HAN'S MOTION ON ""ALLEVIATING POVERTY"" AS AMENDED BY HON FREDERICK FUNG / HON TAM YIU-CHUNG / HON ALBERT HO",梁家傑議員對陳婉嫻議員就「紓解貧窮」所提，經馮檢基議員／譚耀宗議員／何俊仁議員修正的議案，作出的修正案,Alan LEONG,梁家傑,Member,Yes,23.0
3850,3850,14/11/2012-8,TSANG Yok-sing,Present,TSANG Yok-sing,曾鈺成,14/11/2012,23:34:29,"AMENDMENT BY HON ALBERT CHAN TO HON CHAN YUEN-HAN'S MOTION ON ""ALLEVIATING POVERTY"" AS AMENDED BY HON FREDERICK FUNG / HON TAM YIU-CHUNG / HON  ALBERT HO",陳偉業議員對陳婉嫻議員就「紓解貧窮」所提，經馮檢基議員／譚耀宗議員／何俊仁議員修正的議案，作出的修正案,Albert CHAN,陳偉業,Member,Yes,23.0
3920,3920,14/11/2012-9,TSANG Yok-sing,Present,TSANG Yok-sing,曾鈺成,14/11/2012,23:36:59,"MOTION MOVED BY HON CHAN YUEN-HAN ON ""ALLEVIATING POVERTY"" AS AMENDED BY HON FREDERICK FUNG / HON TAM YIU-CHUNG / HON ALBERT HO",由陳婉嫻議員動議，經馮檢基議員／譚耀宗議員／何俊仁議員修正的「紓解貧窮」議案,CHAN Yuen-han,陳婉嫻,Member,Yes,23.0
5530,5530,06/12/2012-10,TSANG Yok-sing,Present,TSANG Yok-sing,曾鈺成,06/12/2012,13:48:36,"AMENDMENT BY HON SIN CHUNG-KAI TO HON CHRISTOPHER CHEUNG'S MOTION ON ""SUPPORTING THE DEVELOPMENT OF THE SECURITIES INDUSTRY"" AS AMENDED BY HON WONG KWOK-HING / HON RONNY TONG",單仲偕議員對張華峰議員就「支持證券業發展」所提，經王國興議員／湯家驊議員修正的議案，作出的修正案,SIN Chung-kai,單仲偕,Member,Yes,13.0
5600,5600,06/12/2012-11,TSANG Yok-sing,Present,TSANG Yok-sing,曾鈺成,06/12/2012,13:54:14,"AMENDMENT BY HON MARTIN LIAO TO HON CHRISTOPHER CHEUNG'S MOTION ON ""SUPPORTING THE DEVELOPMENT OF THE SECURITIES INDUSTRY"" AS AMENDED BY HON WONG KWOK-HING / HON RONNY TONG / HON SIN CHUNG-KAI / HON NG LEUNG-SING",廖長江議員對張華峰議員就「支持證券業發展」所提，經王國興議員／湯家驊議員／單仲偕議員／吳亮星議員修正的議案，作出的修正案,Martin LIAO,廖長江,Member,Yes,13.0
5880,5880,20/12/2012-2,TSANG Yok-sing,Present,TSANG Yok-sing,曾鈺成,20/12/2012,13:56:54,"AMENDMENT BY DR HON FERNANDO CHEUNG TO HON MRS REGINA IP'S MOTION ON ""REVIVING THE QUALITY OF LOCAL EDUCATION AND STOPPING THE BLIND INDUSTRIALIZATION OF EDUCATION""",張超雄議員對葉劉淑儀議員的「重振本地教育質素，停止教育盲目產業化」議案作出的修正案,Dr Fernando CHEUNG,張超雄,Member,Yes,13.0
5950,5950,20/12/2012-3,TSANG Yok-sing,Present,TSANG Yok-sing,曾鈺成,20/12/2012,13:59:49,"AMENDMENT BY HON CLAUDIA MO TO HON MRS REGINA IP'S MOTION ON ""REVIVING THE QUALITY OF LOCAL EDUCATION AND STOPPING THE BLIND INDUSTRIALIZATION OF EDUCATION""",毛孟靜議員對葉劉淑儀議員的「重振本地教育質素，停止教育盲目產業化」議案作出的修正案,Claudia MO,毛孟靜,Member,Yes,13.0
8540,8540,07/02/2013-4,TSANG Yok-sing,Present,TSANG Yok-sing,曾鈺成,07/02/2013,00:33:25,"AMENDMENT BY HON WONG KWOK-HING TO HON VINCENT FANG'S MOTION ON ""INCREASING THE BUSINESS FLOOR AREAS OF THE RETAIL INDUSTRY""",王國興議員對方剛議員的「增加零售業經營面積」議案作出的修正案,WONG Kwok-hing,王國興,Member,Yes,0.0
8610,8610,07/02/2013-5,TSANG Yok-sing,Present,TSANG Yok-sing,曾鈺成,07/02/2013,00:39:25,"AMENDMENT BY HON MICHAEL TIEN TO HON VINCENT FANG'S MOTION ON ""INCREASING THE BUSINESS FLOOR AREAS OF THE RETAIL INDUSTRY"" AS AMENDED BY HON WONG KWOK-HING / HON ALICE MAK / HON STARRY LEE / HON ALAN LEONG",田北辰議員對方剛議員就「增加零售業經營面積」所提，經王國興議員／麥美娟議員／李慧琼議員／梁家傑議員修正的議案，作出的修正案,Michael TIEN,田北辰,Member,Yes,0.0
8680,8680,07/02/2013-6,TSANG Yok-sing,Present,TSANG Yok-sing,曾鈺成,07/02/2013,00:41:55,"AMENDMENT BY HON GARY FAN TO HON VINCENT FANG'S MOTION ON ""INCREASING THE BUSINESS FLOOR AREAS OF THE RETAIL INDUSTRY"" AS AMENDED BY HON WONG KWOK-HING / HON ALICE MAK / HON STARRY LEE / HON ALAN LEONG",范國威議員對方剛議員就「增加零售業經營面積」所提，經王國興議員／麥美娟議員／李慧琼議員／梁家傑議員修正的議案，作出的修正案,Gary FAN,范國威,Member,Yes,0.0
9730,9730,20/03/2013-4,TSANG Yok-sing,Present,TSANG Yok-sing,曾鈺成,20/03/2013,23:39:31,"AMENDMENT BY HON ALAN LEONG TO HON WONG KWOK-KIN'S MOTION ON ""IMPLEMENTING THE KAI TAK PLANNING TO DOVETAIL WITH KOWLOON EAST DEVELOPMENT"" AS AMENDED BY HON FREDERICK FUNG / HON CHAN KAM-LAM / HON FRANKIE YICK / HON WU CHI-WAI",梁家傑議員對黃國健議員就「落實啟德規劃，配合九龍東發展」所提，經馮檢基議員／陳鑑林議員／易志明議員／胡志偉議員修正的議案，作出的修正案,Alan LEONG,梁家傑,Member,Yes,23.0
9800,9800,20/03/2013-5,TSANG Yok-sing,Present,TSANG Yok-sing,曾鈺成,20/03/2013,23:50:35,"MOTION MOVED BY HON WONG KWOK-KIN ON ""IMPLEMENTING THE KAI TAK PLANNING TO DOVETAIL WITH KOWLOON EAST DEVELOPMENT"" AS AMENDED BY HON FREDERICK FUNG / HON CHAN KAM-LAM / HON FRANKIE YICK / HON WU CHI-WAI / DR HON LEUNG KA-LAU",由黃國健議員動議，經馮檢基議員／陳鑑林議員／易志明議員／胡志偉議員／梁家騮議員修正的「落實啟德規劃，配合九龍東發展」議案,WONG Kwok-kin,黃國健,Member,Yes,23.0
61950,61950,03/07/2013-4,TSANG Yok-sing,Present,TSANG Yok-sing,曾鈺成,03/07/2013,23:41:08,"AMENDMENT BY DR HON KENNETH CHAN TO HON IP KWOK-HIM'S MOTION ON ""FORMULATING A POPULATION POLICY""",陳家洛議員對葉國謙議員的「制訂人口政策」議案作出的修正案,Dr Kenneth CHAN,陳家洛,Member,Yes,23.0
62020,62020,03/07/2013-5,TSANG Yok-sing,Present,TSANG Yok-sing,曾鈺成,03/07/2013,23:44:27,"AMENDMENT BY HON JAMES TO TO HON IP KWOK-HIM'S MOTION ON ""FORMULATING A POPULATION POLICY"" AS AMENDED BY DR HON KENNETH CHAN",涂謹申議員對葉國謙議員就「制訂人口政策」所提，經陳家洛議員修正的議案，作出的修正案,James TO,涂謹申,Member,Yes,23.0
62090,62090,03/07/2013-6,TSANG Yok-sing,Present,TSANG Yok-sing,曾鈺成,03/07/2013,23:46:48,"AMENDMENT BY HON CLAUDIA MO TO HON IP KWOK-HIM'S MOTION ON ""FORMULATING A POPULATION POLICY"" AS AMENDED BY DR HON KENNETH CHAN",毛孟靜議員對葉國謙議員就「制訂人口政策」所提，經陳家洛議員修正的議案，作出的修正案,Claudia MO,毛孟靜,Member,Yes,23.0
62160,62160,03/07/2013-7,TSANG Yok-sing,Present,TSANG Yok-sing,曾鈺成,03/07/2013,23:49:04,"AMENDMENT BY HON IP KIN-YUEN TO HON IP KWOK-HIM'S MOTION ON ""FORMULATING A POPULATION POLICY"" AS AMENDED BY DR HON KENNETH CHAN",葉建源議員對葉國謙議員就「制訂人口政策」所提，經陳家洛議員修正的議案，作出的修正案,IP Kin-yuen,葉建源,Member,Yes,23.0
62230,62230,03/07/2013-8,TSANG Yok-sing,Present,TSANG Yok-sing,曾鈺成,03/07/2013,23:51:31,"AMENDMENT BY HON GARY FAN TO HON IP KWOK-HIM'S MOTION ON ""FORMULATING A POPULATION POLICY"" AS AMENDED BY DR HON KENNETH CHAN / HON IP KIN-YUEN",范國威議員對葉國謙議員就「制訂人口政策」所提，經陳家洛議員／葉建源議員修正的議案，作出的修正案,Gary FAN,范國威,Member,Yes,23.0
62300,62300,03/07/2013-9,TSANG Yok-sing,Present,TSANG Yok-sing,曾鈺成,03/07/2013,23:53:56,"AMENDMENT BY HON CYD HO TO HON IP KWOK-HIM'S MOTION ON ""FORMULATING A POPULATION POLICY"" AS AMENDED BY DR HON KENNETH CHAN / HON IP KIN-YUEN",何秀蘭議員對葉國謙議員就「制訂人口政策」所提，經陳家洛議員／葉建源議員修正的議案，作出的修正案,Cyd HO,何秀蘭,Member,Yes,23.0
62370,62370,03/07/2013-10,TSANG Yok-sing,Present,TSANG Yok-sing,曾鈺成,03/07/2013,23:56:15,"AMENDMENT BY HON KENNETH LEUNG TO HON IP KWOK-HIM'S MOTION ON ""FORMULATING A POPULATION POLICY"" AS AMENDED BY DR HON KENNETH CHAN / HON IP KIN-YUEN",梁繼昌議員對葉國謙議員就「制訂人口政策」所提，經陳家洛議員／葉建源議員修正的議案，作出的修正案,Kenneth LEUNG,梁繼昌,Member,Yes,23.0
62440,62440,04/07/2013-11,TSANG Yok-sing,Present,TSANG Yok-sing,曾鈺成,04/07/2013,00:00:26,"MOTION MOVED BY HON IP KWOK-HIM ON ""FORMULATING A POPULATION POLICY"" AS AMENDED BY DR HON KENNETH CHAN / HON IP KIN-YUEN / HON KENNETH LEUNG",葉國謙議員動議，經陳家洛議員／葉建源議員／梁繼昌議員修正的「制訂人口政策」議案,IP Kwok-him,葉國謙,Member,Yes,0.0
65310,65310,30/10/2013-5,TSANG Yok-sing,Present,TSANG Yok-sing,曾鈺成,30/10/2013,23:18:29,"AMENDMENT BY HON CLAUDIA MO TO HON GARY FAN'S MOTION ON ""ADHERING TO THE NEED TO 'PUT HONG KONG PEOPLE FIRST' IN FORMULATING POLICIES""",毛孟靜議員對范國威議員的「制訂政策時需以'港人優先'為依歸」議案作出的修正案,Claudia MO,毛孟靜,Member,Yes,23.0
65380,65380,30/10/2013-6,TSANG Yok-sing,Present,TSANG Yok-sing,曾鈺成,30/10/2013,23:21:30,"AMENDMENT BY HON KENNETH LEUNG TO HON GARY FAN'S MOTION ON ""ADHERING TO THE NEED TO 'PUT HONG KONG PEOPLE FIRST' IN FORMULATING POLICIES""",梁繼昌議員對范國威議員的「制訂政策時需以'港人優先'為依歸」議案作出的修正案,Kenneth LEUNG,梁繼昌,Member,Yes,23.0
65450,65450,30/10/2013-7,TSANG Yok-sing,Present,TSANG Yok-sing,曾鈺成,30/10/2013,23:24:48,"AMENDMENT BY HON ALBERT HO TO HON GARY FAN'S MOTION ON ""ADHERING TO THE NEED TO 'PUT HONG KONG PEOPLE FIRST' IN FORMULATING POLICIES"" AS AMENDED BY HON KENNETH LEUNG",何俊仁議員對范國威議員就「制訂政策時需以'港人優先'為依歸」所提，經梁繼昌議員修正的議案，作出的修正案,Albert HO,何俊仁,Member,Yes,23.0
65520,65520,30/10/2013-8,TSANG Yok-sing,Present,TSANG Yok-sing,曾鈺成,30/10/2013,23:27:17,"AMENDMENT BY HON IP KWOK-HIM TO HON GARY FAN'S MOTION ON ""ADHERING TO THE NEED TO 'PUT HONG KONG PEOPLE FIRST' IN FORMULATING POLICIES"" AS AMENDED BY HON KENNETH LEUNG",葉國謙議員對范國威議員就「制訂政策時需以'港人優先'為依歸」所提，經梁繼昌議員修正的議案，作出的修正案,IP Kwok-him,葉國謙,Member,Yes,23.0
65590,65590,30/10/2013-9,TSANG Yok-sing,Present,TSANG Yok-sing,曾鈺成,30/10/2013,23:29:47,"AMENDMENT BY HON LEE CHEUK-YAN TO HON GARY FAN'S MOTION ON ""ADHERING TO THE NEED TO 'PUT HONG KONG PEOPLE FIRST' IN FORMULATING POLICIES"" AS AMENDED BY HON KENNETH LEUNG",李卓人議員對范國威議員就「制訂政策時需以'港人優先'為依歸」所提，經梁繼昌議員修正的議案，作出的修正案,LEE Cheuk-yan,李卓人,Member,Yes,23.0
65660,65660,30/10/2013-10,TSANG Yok-sing,Present,TSANG Yok-sing,曾鈺成,30/10/2013,23:32:03,"AMENDMENT BY DR HON FERNANDO CHEUNG TO HON GARY FAN'S MOTION ON ""ADHERING TO THE NEED TO 'PUT HONG KONG PEOPLE FIRST' IN FORMULATING POLICIES"" AS AMENDED BY HON KENNETH LEUNG",張超雄議員對范國威議員就「制訂政策時需以'港人優先'為依歸」所提，經梁繼昌議員修正的議案，作出的修正案,Dr Fernando CHEUNG,張超雄,Member,Yes,23.0
65730,65730,30/10/2013-11,TSANG Yok-sing,Present,TSANG Yok-sing,曾鈺成,30/10/2013,23:34:20,"MOTION MOVED BY HON GARY FAN ON ""ADHERING TO THE NEED TO 'PUT HONG KONG PEOPLE FIRST' IN FORMULATING POLICIES"" AS AMENDED BY HON KENNETH LEUNG",范國威議員動議，經梁繼昌議員修正的「制訂政策時需以'港人優先'為依歸」議案,Gary FAN,范國威,Member,Yes,23.0
66150,66150,07/11/2013-6,TSANG Yok-sing,Present,TSANG Yok-sing,曾鈺成,07/11/2013,23:07:27,"AMENDMENT BY HON MRS REGINA IP TO HON ALBERT CHAN'S MOTION ON ""IMPOSING ECONOMIC SANCTIONS ON THE PHILIPPINES AND RESTORING HONG KONG PEOPLE'S DIGNITY"" AS AMENDED BY HON ALICE MAK / HON SIN CHUNG-KAI",葉劉淑儀議員對陳偉業議員就「經濟制裁菲律賓，還港人尊嚴」所提，經麥美娟議員／單仲偕議員修正的議案，作出的修正案,Mrs Regina IP,葉劉淑儀,Member,Yes,23.0
66360,66360,13/11/2013-3,TSANG Yok-sing,Present,TSANG Yok-sing,曾鈺成,13/11/2013,23:06:20,"AMENDMENT BY HON POON SIU-PING TO HON KWOK WAI-KEUNG'S MOTION ON ""OPPOSING THE EXPANSION OF LABOUR IMPORTATION""",潘兆平議員對郭偉強議員的「反對擴大輸入外地勞工」議案作出的修正案,POON Siu-ping,潘兆平,Member,Yes,23.0
66430,66430,13/11/2013-4,TSANG Yok-sing,Present,TSANG Yok-sing,曾鈺成,13/11/2013,23:09:11,"AMENDMENT BY HON FRANKIE YICK TO HON KWOK WAI-KEUNG'S MOTION ON ""OPPOSING THE EXPANSION OF LABOUR IMPORTATION""",易志明議員對郭偉強議員的「反對擴大輸入外地勞工」議案作出的修正案,Frankie YICK,易志明,Member,Yes,23.0
66500,66500,13/11/2013-5,TSANG Yok-sing,Present,TSANG Yok-sing,曾鈺成,13/11/2013,23:11:13,"AMENDMENT BY DR HON CHIANG LAI-WAN TO HON KWOK WAI-KEUNG'S MOTION ON ""OPPOSING THE EXPANSION OF LABOUR IMPORTATION""",蔣麗芸議員對郭偉強議員的「反對擴大輸入外地勞工」議案作出的修正案,Dr CHIANG Lai-wan,蔣麗芸,Member,Yes,23.0
66570,66570,13/11/2013-6,TSANG Yok-sing,Present,TSANG Yok-sing,曾鈺成,13/11/2013,23:13:10,"AMENDMENT BY HON LEE CHEUK-YAN TO HON KWOK WAI-KEUNG'S MOTION ON ""OPPOSING THE EXPANSION OF LABOUR IMPORTATION""",李卓人議員對郭偉強議員的「反對擴大輸入外地勞工」議案作出的修正案,LEE Cheuk-yan,李卓人,Member,Yes,23.0
66640,66640,13/11/2013-7,TSANG Yok-sing,Present,TSANG Yok-sing,曾鈺成,13/11/2013,23:16:23,"MOTION ON ""OPPOSING THE EXPANSION OF LABOUR IMPORTATION""",「反對擴大輸入外地勞工」議案,KWOK Wai-keung,郭偉强,Member,Yes,23.0
67060,67060,20/11/2013-6,TSANG Yok-sing,Present,TSANG Yok-sing,曾鈺成,20/11/2013,23:53:35,"AMENDMENT BY HON CLAUDIA MO TO DR HON FERNANDO CHEUNG'S MOTION ON ""SETTING UP A COMMISSION ON CHILDREN"" AS AMENDED BY DR HON KENNETH CHAN",毛孟靜議員對張超雄議員就「設立兒童事務委員會」所提，經陳家洛議員修正的議案，作出的修正案,Claudia MO,毛孟靜,Member,Yes,23.0
67200,67200,27/11/2013-2,TSANG Yok-sing,Present,TSANG Yok-sing,曾鈺成,27/11/2013,23:08:53,"AMENDMENT BY HON IP KIN-YUEN TO HON LEUNG YIU-CHUNG'S MOTION ON ""FACING UP TO THE NEEDS OF PERSONS WITH DISABILITIES""",葉建源議員對梁耀忠議員的「正視殘疾人士的需要」議案作出的修正案,IP Kin-yuen,葉建源,Member,Yes,23.0
67270,67270,27/11/2013-3,TSANG Yok-sing,Present,TSANG Yok-sing,曾鈺成,27/11/2013,23:12:54,"AMENDMENT BY DR HON FERNANDO CHEUNG TO HON LEUNG YIU-CHUNG'S MOTION ON ""FACING UP TO THE NEEDS OF PERSONS WITH DISABILITIES"" AS AMENDED BY HON IP KIN-YUEN / HON WONG KWOK-HING",張超雄議員對梁耀忠議員就「正視殘疾人士的需要」所提，經葉建源議員／王國興議員修正的議案，作出的修正案,Dr Fernando CHEUNG,張超雄,Member,Yes,23.0
69790,69790,23/01/2014-3,TSANG Yok-sing,Present,TSANG Yok-sing,曾鈺成,23/01/2014,00:15:46,"AMENDMENT BY HON CLAUDIA MO TO HON ALAN LEONG'S MOTION ON ""SAFEGUARDING EDITORIAL INDEPENDENCE AND AUTONOMY""",毛孟靜議員對梁家傑議員的「捍衞編輯採訪獨立自主」議案作出的修正案,Claudia MO,毛孟靜,Member,Yes,0.0
69860,69860,23/01/2014-4,TSANG Yok-sing,Present,TSANG Yok-sing,曾鈺成,23/01/2014,00:18:26,"AMENDMENT BY HON IP KWOK-HIM TO HON ALAN LEONG'S MOTION ON ""SAFEGUARDING EDITORIAL INDEPENDENCE AND AUTONOMY""",葉國謙議員對梁家傑議員的「捍衞編輯採訪獨立自主」議案作出的修正案,IP Kwok-him,葉國謙,Member,Yes,0.0
69930,69930,23/01/2014-5,TSANG Yok-sing,Present,TSANG Yok-sing,曾鈺成,23/01/2014,00:20:23,"AMENDMENT BY HON JAMES TO TO HON ALAN LEONG'S MOTION ON ""SAFEGUARDING EDITORIAL INDEPENDENCE AND AUTONOMY""",涂謹申議員對梁家傑議員的「捍衞編輯採訪獨立自主」議案作出的修正案,James TO,涂謹申,Member,Yes,0.0
70000,70000,23/01/2014-6,TSANG Yok-sing,Present,TSANG Yok-sing,曾鈺成,23/01/2014,00:22:23,"AMENDMENT BY HON CYD HO TO HON ALAN LEONG'S MOTION ON ""SAFEGUARDING EDITORIAL INDEPENDENCE AND AUTONOMY""",何秀蘭議員對梁家傑議員的「捍衞編輯採訪獨立自主」議案作出的修正案,Cyd HO,何秀蘭,Member,Yes,0.0
70070,70070,23/01/2014-7,TSANG Yok-sing,Present,TSANG Yok-sing,曾鈺成,23/01/2014,00:25:11,"MOTION ON ""SAFEGUARDING EDITORIAL INDEPENDENCE AND AUTONOMY""",「捍衞編輯採訪獨立自主」議案,Alan LEONG,梁家傑,Member,Yes,0.0
108010,108010,29/05/2014-488,TSANG Yok-sing,Present,TSANG Yok-sing,曾鈺成,29/05/2014,13:00:36,APPROPRIATION BILL 2014 - COMMITTEE STAGE - AMENDMENT TO HEAD 122 (VOTE NO. 572),《2014年撥款條例草案》－ 全體委員會審議階段 － 總目122的修正案 （表決編號572）,CHAN Chi-chuen,陳志全,Member,Yes,13.0
153650,153650,17/10/2014-1,TSANG Yok-sing,Present,TSANG Yok-sing,曾鈺成,17/10/2014,13:38:09,MOTION FOR THE ADJOURNMENT OF THE COUNCIL UNDER RULE 16(2) OF THE RULES OF PROCEDURE,根據《議事規則》第16（2）條動議的立法會休會待續議案,Alan LEONG,梁家傑,Member,Yes,13.0
156380,156380,31/10/2014-38,TSANG Yok-sing,Present,TSANG Yok-sing,曾鈺成,31/10/2014,13:05:12,MOTION MOVED BY HON WONG YUK-MAN UNDER THE LEGISLATIVE COUNCIL (POWERS AND PRIVILEGES) ORDINANCE,黃毓民議員根據《立法會（權力及特權）條例》動議的議案,WONG Yuk-man,黃毓民,Member,Yes,13.0
156450,156450,31/10/2014-39,TSANG Yok-sing,Present,TSANG Yok-sing,曾鈺成,31/10/2014,13:11:10,MOTION MOVED BY HON ANDREW LEUNG UNDER THE LEGISLATIVE COUNCIL (POWERS AND PRIVILEGES) ORDINANCE,梁君彥議員根據《立法會（權力及特權）條例》動議的議案,Andrew LEUNG,梁君彥,Member,Yes,13.0
157080,157080,20/11/2014-1,TSANG Yok-sing,Absent,TSANG Yok-sing,曾鈺成,20/11/2014,13:46:20,CHILD ABDUCTION LEGISLATION (MISCELLANEOUS AMENDMENTS) BILL 2013 - SECOND READING,《2013年擄拐兒童法例（雜項修訂）條例草案》 － 二讀,Secretary for Labour and Welfare,勞工及福利局局長,Public Officer,No,13.0
157150,157150,20/11/2014-2,TSANG Yok-sing,Absent,TSANG Yok-sing,曾鈺成,20/11/2014,13:52:55,"CHILD ABDUCTION LEGISLATION (MISCELLANEOUS AMENDMENTS) BILL 2013 - COMMITTEE STAGE - CLAUSES 1, 2, 7, 8 AND 10 TO 17 STAND PART OF THE BILL",《2013年擄拐兒童法例（雜項修訂）條例草案》 － 全體委員會審議階段 － 第1、2、7、8及10至17條納入條例草案,Secretary for Labour and Welfare,勞工及福利局局長,Public Officer,No,13.0
176330,176330,21/05/2015-184,TSANG Yok-sing,Present,TSANG Yok-sing,曾鈺成,21/05/2015,13:43:17,APPROPRIATION BILL 2015 - COMMITTEE STAGE - AMENDMENT TO HEAD 91 (VOTE NO. 226),《2015年撥款條例草案》－ 全體委員會審議階段 － 總目91的修正案 （表決編號226）,Albert CHAN,陳偉業,Member,Yes,13.0
176400,176400,21/05/2015-185,TSANG Yok-sing,Present,TSANG Yok-sing,曾鈺成,21/05/2015,13:45:07,APPROPRIATION BILL 2015 - COMMITTEE STAGE - AMENDMENT TO HEAD 92 (VOTE NO. 227),《2015年撥款條例草案》－ 全體委員會審議階段 － 總目92的修正案 （表決編號227）,Albert CHAN,陳偉業,Member,Yes,13.0
176470,176470,21/05/2015-186,TSANG Yok-sing,Present,TSANG Yok-sing,曾鈺成,21/05/2015,13:46:54,APPROPRIATION BILL 2015 - COMMITTEE STAGE - AMENDMENT TO HEAD 92 (VOTE NO. 228),《2015年撥款條例草案》－ 全體委員會審議階段 － 總目92的修正案 （表決編號228）,Albert CHAN,陳偉業,Member,Yes,13.0
176540,176540,21/05/2015-187,TSANG Yok-sing,Present,TSANG Yok-sing,曾鈺成,21/05/2015,13:48:41,APPROPRIATION BILL 2015 - COMMITTEE STAGE - AMENDMENT TO HEAD 92 (VOTE NO. 229),《2015年撥款條例草案》－ 全體委員會審議階段 － 總目92的修正案 （表決編號229）,Albert CHAN,陳偉業,Member,Yes,13.0
176610,176610,21/05/2015-188,TSANG Yok-sing,Present,TSANG Yok-sing,曾鈺成,21/05/2015,13:50:28,APPROPRIATION BILL 2015 - COMMITTEE STAGE - AMENDMENT TO HEAD 92 (VOTE NO. 230),《2015年撥款條例草案》－ 全體委員會審議階段 － 總目92的修正案 （表決編號230）,Albert CHAN,陳偉業,Member,Yes,13.0
176680,176680,21/05/2015-189,TSANG Yok-sing,Present,TSANG Yok-sing,曾鈺成,21/05/2015,13:52:17,APPROPRIATION BILL 2015 - COMMITTEE STAGE - AMENDMENT TO HEAD 92 (VOTE NO. 231),《2015年撥款條例草案》－ 全體委員會審議階段 － 總目92的修正案 （表決編號231）,Albert CHAN,陳偉業,Member,Yes,13.0
176750,176750,21/05/2015-190,TSANG Yok-sing,Present,TSANG Yok-sing,曾鈺成,21/05/2015,13:54:04,APPROPRIATION BILL 2015 - COMMITTEE STAGE - AMENDMENT TO HEAD 92 (VOTE NO. 232),《2015年撥款條例草案》－ 全體委員會審議階段 － 總目92的修正案 （表決編號232）,Albert CHAN,陳偉業,Member,Yes,13.0
176820,176820,21/05/2015-191,TSANG Yok-sing,Present,TSANG Yok-sing,曾鈺成,21/05/2015,13:55:52,APPROPRIATION BILL 2015 - COMMITTEE STAGE - AMENDMENT TO HEAD 92 (VOTE NO. 233),《2015年撥款條例草案》－ 全體委員會審議階段 － 總目92的修正案 （表決編號233）,Albert CHAN,陳偉業,Member,Yes,13.0
176890,176890,21/05/2015-192,TSANG Yok-sing,Present,TSANG Yok-sing,曾鈺成,21/05/2015,13:57:41,APPROPRIATION BILL 2015 - COMMITTEE STAGE - AMENDMENT TO HEAD 92 (VOTE NO. 234),《2015年撥款條例草案》－ 全體委員會審議階段 － 總目92的修正案 （表決編號234）,Albert CHAN,陳偉業,Member,Yes,13.0
176960,176960,21/05/2015-193,TSANG Yok-sing,Present,TSANG Yok-sing,曾鈺成,21/05/2015,13:59:34,APPROPRIATION BILL 2015 - COMMITTEE STAGE - AMENDMENT TO HEAD 92 (VOTE NO. 235),《2015年撥款條例草案》－ 全體委員會審議階段 － 總目92的修正案 （表決編號235）,Albert CHAN,陳偉業,Member,Yes,13.0
194740,194740,22/05/2015-447,TSANG Yok-sing,Present,TSANG Yok-sing,曾鈺成,22/05/2015,13:00:28,APPROPRIATION BILL 2015 - COMMITTEE STAGE - AMENDMENT TO HEAD 170 (VOTE NO. 599),《2015年撥款條例草案》－ 全體委員會審議階段 － 總目170的修正案 （表決編號599）,CHEUNG Kwok-che,張國柱,Member,Yes,13.0
203210,203210,04/06/2015-36,TSANG Yok-sing,Present,TSANG Yok-sing,曾鈺成,04/06/2015,13:06:31,AMENDMENT BY HON LEE CHEUK-YAN TO HON CHAN YUEN-HAN’S MOTION ON “ENACTING LEGISLATION ON STANDARD WORKING HOURS”,李卓人議員對陳婉嫻議員的「立法制訂標準工時」議案作出的修正案,LEE Cheuk-yan,李卓人,Member,Yes,13.0
203280,203280,04/06/2015-37,TSANG Yok-sing,Present,TSANG Yok-sing,曾鈺成,04/06/2015,13:09:17,AMENDMENT BY HON IP KIN-YUEN TO HON CHAN YUEN-HAN’S MOTION ON “ENACTING LEGISLATION ON STANDARD WORKING HOURS”,葉建源議員對陳婉嫻議員的「立法制訂標準工時」議案作出的修正案,IP Kin-yuen,葉建源,Member,Yes,13.0
203350,203350,04/06/2015-38,TSANG Yok-sing,Present,TSANG Yok-sing,曾鈺成,04/06/2015,13:11:17,AMENDMENT BY HON YIU SI-WING TO HON CHAN YUEN-HAN’S MOTION ON “ENACTING LEGISLATION ON STANDARD WORKING HOURS”,姚思榮議員對陳婉嫻議員的「立法制訂標準工時」議案作出的修正案,YIU Si-wing,姚思榮,Member,Yes,13.0
203420,203420,04/06/2015-39,TSANG Yok-sing,Present,TSANG Yok-sing,曾鈺成,04/06/2015,13:13:06,AMENDMENT BY DR HON CHIANG LAI-WAN TO HON CHAN YUEN-HAN’S MOTION ON “ENACTING LEGISLATION ON STANDARD WORKING HOURS”,蔣麗芸議員對陳婉嫻議員的「立法制訂標準工時」議案作出的修正案,Dr CHIANG Lai-wan,蔣麗芸,Member,Yes,13.0
203490,203490,04/06/2015-40,TSANG Yok-sing,Present,TSANG Yok-sing,曾鈺成,04/06/2015,13:15:00,AMENDMENT BY DR HON LEUNG KA-LAU TO HON CHAN YUEN-HAN’S MOTION ON “ENACTING LEGISLATION ON STANDARD WORKING HOURS”,梁家騮議員對陳婉嫻議員的「立法制訂標準工時」議案作出的修正案,Dr LEUNG Ka-lau,梁家騮,Member,Yes,13.0
203560,203560,04/06/2015-41,TSANG Yok-sing,Present,TSANG Yok-sing,曾鈺成,04/06/2015,13:24:35,MOTION ON “ENACTING LEGISLATION ON STANDARD WORKING HOURS”,「立法制訂標準工時」議案,CHAN Yuen-han,陳婉嫻,Member,Yes,13.0
204890,204890,25/06/2015-7,TSANG Yok-sing,Present,TSANG Yok-sing,曾鈺成,25/06/2015,13:01:32,"MOTION ON “IMPLEMENTATION AND CONTINUANCE OF ‘ONE COUNTRY, TWO SYSTEMS’”",「‘一國兩制’的實踐與延續」議案,Dennis KWOK,郭榮鏗,Member,Yes,13.0
205310,205310,13/07/2015-6,TSANG Yok-sing,Present,TSANG Yok-sing,曾鈺成,13/07/2015,23:28:54,MOTION ON “NOT FORGETTING THE 4 JUNE INCIDENT”,「毋忘六四」議案,SIN Chung-kai,單仲偕,Member,Yes,23.0
205380,205380,16/10/2015-1,TSANG Yok-sing,Present,TSANG Yok-sing,曾鈺成,16/10/2015,13:12:10,MOTION MOVED BY HON GARY FAN UNDER THE LEGISLATIVE COUNCIL (POWERS AND PRIVILEGES) ORDINANCE,范國威議員根據《立法會（權力及特權）條例》動議的議案,Gary FAN,范國威,Member,Yes,13.0
207243,207243,26/11/2015-7,TSANG Yok-sing,Present,TSANG Yok-sing,曾鈺成,26/11/2015,13:29:31,AMENDMENT BY HON TANG KA-PIU TO HON CHAN HAK-KAN’S MOTION ON “DEVELOPING THE ECONOMY AND IMPROVING PEOPLE’S LIVELIHOOD”,鄧家彪議員對陳克勤議員的「發展經濟，改善民生」議案作出的修正案,TANG Ka-piu,鄧家彪,Member,Yes,13.0
207312,207312,26/11/2015-8,TSANG Yok-sing,Present,TSANG Yok-sing,曾鈺成,26/11/2015,13:37:15,MOTION TO SHORTEN DURATION OF DIVISION BELL,縮短點名表決響鐘時間的議案,MA Fung-kwok,馬逢國,Member,Yes,13.0
207381,207381,26/11/2015-9,TSANG Yok-sing,Present,TSANG Yok-sing,曾鈺成,26/11/2015,13:39:59,AMENDMENT BY HON JEFFREY LAM TO HON CHAN HAK-KAN’S MOTION ON “DEVELOPING THE ECONOMY AND IMPROVING PEOPLE’S LIVELIHOOD” AS AMENDED BY HON TANG KA-PIU,林健鋒議員對陳克勤議員就「發展經濟，改善民生」所提，經鄧家彪議員修正的議案，作出的修正案,Jeffrey LAM,林健鋒,Member,Yes,13.0
207450,207450,26/11/2015-10,TSANG Yok-sing,Present,TSANG Yok-sing,曾鈺成,26/11/2015,13:43:21,AMENDMENT BY HON ALAN LEONG TO HON CHAN HAK-KAN’S MOTION ON “DEVELOPING THE ECONOMY AND IMPROVING PEOPLE’S LIVELIHOOD” AS AMENDED BY HON TANG KA-PIU / HON JEFFREY LAM / HON SIN CHUNG-KAI,梁家傑議員對陳克勤議員就「發展經濟，改善民生」所提，經鄧家彪議員／林健鋒議員／單仲偕議員修正的議案，作出的修正案,Alan LEONG,梁家傑,Member,Yes,13.0
207519,207519,26/11/2015-11,TSANG Yok-sing,Present,TSANG Yok-sing,曾鈺成,26/11/2015,13:46:37,MOTION MOVED BY HON CHAN HAK-KAN ON “DEVELOPING THE ECONOMY AND IMPROVING PEOPLE’S LIVELIHOOD” AS AMENDED BY HON TANG KA-PIU / HON JEFFREY LAM / HON SIN CHUNG-KAI,陳克勤議員動議，經鄧家彪議員／林健鋒議員／單仲偕議員修正的「發展經濟，改善民生」議案,CHAN Hak-kan,陳克勤,Member,Yes,13.0
208832,208832,17/03/2016-3,TSANG Yok-sing,Present,TSANG Yok-sing,曾鈺成,17/03/2016,13:45:53,"BANKRUPTCY (AMENDMENT) BILL 2015 - COMMITTEE STAGE - THE SECRETARY FOR FINANCIAL SERVICES AND THE TREASURY’S AMENDMENTS TO CLAUSES 4, 5, 13 AND 15",《2015年破產（修訂）條例草案》 － 全體委員會審議階段 － 財經事務及庫務局局長的修正案 － 第4、5、13及15條,Secretary for Financial Services and the Treasury,財經事務及庫務局局長,Public Officer,No,13.0
213032,213032,11/05/2016-52,TSANG Yok-sing,Present,TSANG Yok-sing,曾鈺成,11/05/2016,13:00:04,APPROPRIATION BILL 2016 - COMMITTEE STAGE - AMENDMENT TO HEAD 45 (VOTE NO. 71),《2016年撥款條例草案》 － 全體委員會審議階段 － 總目45的修正案 （表決編號71）,Cyd HO,何秀蘭,Member,Yes,13.0
233472,233472,02/06/2016-7,TSANG Yok-sing,Present,TSANG Yok-sing,曾鈺成,02/06/2016,13:25:32,JUDICIARY (FIVE-DAY WEEK) (MISCELLANEOUS AMENDMENTS) BILL 2016 - THIRD READING,《2016年司法機構（五天工作周）（雜項修訂）條例草案》 － 三讀,The Chief Secretary for Administration,政務司司長,Public Officer,No,13.0
234802,234802,16/06/2016-10,TSANG Yok-sing,Present,TSANG Yok-sing,曾鈺成,16/06/2016,13:09:39,INTERCEPTION OF COMMUNICATIONS AND SURVEILLANCE (AMENDMENT) BILL 2015 - THIRD READING,《2015年截取通訊及監察（修訂）條例草案》 － 三讀,Secretary for Security,保安局局長,Public Officer,No,13.0
